[
  {
    "Company": "Tata Consultancy Services",
    "Comapny Link": "https://www.linkedin.com/company/tata-consultancy-services/life",
    "Job Title": "Dotnet Developer",
    "Job Link": "/jobs/view/4101957931/?alternateChannel=search&refId=qcTYKyfjVVekSE8EknmnnQ%3D%3D&trackingId=7WVdtp55KihAds6yy5ojWw%3D%3D&trk=d_flagship3_search_srp_jobs",
    "Data": [
      "On-site",
      "Full-time",
      "Associate"
    ]
  },
  {
    "Company": "Acies",
    "Comapny Link": "https://www.linkedin.com/company/acies-home/life",
    "Job Title": "No Code Developer",
    "Job Link": "/jobs/view/4099746200/?alternateChannel=search&refId=qcTYKyfjVVekSE8EknmnnQ%3D%3D&trackingId=DFCmRuqpjCuWaBQE8UyILg%3D%3D&trk=d_flagship3_search_srp_jobs",
    "Data": [
      "On-site",
      "Full-time",
      "Associate"
    ]
  },
  {
    "Company": "Tata Consultancy Services",
    "Comapny Link": "https://www.linkedin.com/company/tata-consultancy-services/life",
    "Job Title": "Full stack Developer",
    "Job Link": "/jobs/view/4096360111/?alternateChannel=search&refId=qcTYKyfjVVekSE8EknmnnQ%3D%3D&trackingId=ned%2B7jD7shebdh0Qu1tNjQ%3D%3D&trk=d_flagship3_search_srp_jobs",
    "Data": [
      "On-site",
      "Full-time",
      "Associate"
    ]
  },
  {
    "Company": "Mortenson",
    "Comapny Link": "https://www.linkedin.com/company/mortenson/life",
    "Job Title": "Associate Software Developer | Mortenson",
    "Job Link": "/jobs/view/4102803491/?alternateChannel=search&refId=qcTYKyfjVVekSE8EknmnnQ%3D%3D&trackingId=X8UXxHiQ6P38RYQHFXQ4Og%3D%3D&trk=d_flagship3_search_srp_jobs",
    "Data": [
      "Full-time",
      "Entry",
      "level"
    ]
  },
  {
    "Company": "FE fundinfo",
    "Comapny Link": "https://www.linkedin.com/company/fefundinfo/life",
    "Job Title": "Senior Full Stack Developer",
    "Job Link": "/jobs/view/4104772509/?alternateChannel=search&refId=qcTYKyfjVVekSE8EknmnnQ%3D%3D&trackingId=Zy5Hmv%2FT88xvJ37rSLmOxA%3D%3D&trk=d_flagship3_search_srp_jobs",
    "Data": [
      "Remote",
      "Contract",
      "Mid-Senior",
      "level"
    ]
  },
  {
    "Company": "Tata Consultancy Services",
    "Comapny Link": "https://www.linkedin.com/company/tata-consultancy-services/life",
    "Job Title": "Java Full Stack Developer",
    "Job Link": "/jobs/view/4101989854/?alternateChannel=search&refId=qcTYKyfjVVekSE8EknmnnQ%3D%3D&trackingId=zsnl8eqmEStGZhrB%2BMU4PA%3D%3D&trk=d_flagship3_search_srp_jobs",
    "Data": [
      "On-site",
      "Full-time",
      "Mid-Senior",
      "level"
    ]
  },
  {
    "Company": "GenPark",
    "Comapny Link": "https://www.linkedin.com/company/genparkai/life",
    "Job Title": "Full Stack Developer Intern",
    "Job Link": "/jobs/view/4103327343/?alternateChannel=search&refId=qcTYKyfjVVekSE8EknmnnQ%3D%3D&trackingId=%2FE9JwMHWIG70RBqLgAmxxQ%3D%3D&trk=d_flagship3_search_srp_jobs",
    "Data": [
      "Remote",
      "Full-time"
    ]
  },
  {
    "Company": "GrowSoft Solutions",
    "Comapny Link": "https://www.linkedin.com/company/growsoft-solutions/life",
    "Job Title": "Python Developer Remote Internship",
    "Job Link": "/jobs/view/4102284919/?alternateChannel=search&refId=qcTYKyfjVVekSE8EknmnnQ%3D%3D&trackingId=shDa3X9eP1SDOQa7fKFBaA%3D%3D&trk=d_flagship3_search_srp_jobs",
    "Data": [
      "\u20b9400K/yr",
      "-",
      "\u20b9500K/yr",
      "Remote",
      "Full-time",
      "Internship"
    ]
  },
  {
    "Company": "Tata Consultancy Services",
    "Comapny Link": "https://www.linkedin.com/company/tata-consultancy-services/life",
    "Job Title": "React ,Node JS Developer",
    "Job Link": "/jobs/view/4102194069/?alternateChannel=search&refId=qcTYKyfjVVekSE8EknmnnQ%3D%3D&trackingId=U92TmwwkwdbTV%2FTXLVn6zw%3D%3D&trk=d_flagship3_search_srp_jobs",
    "Data": [
      "On-site",
      "Full-time",
      "Mid-Senior",
      "level"
    ]
  },
  {
    "Company": "Unified Mentor",
    "Comapny Link": "https://www.linkedin.com/company/unifiedmentor/life",
    "Job Title": "Full-Stack Developer Intern",
    "Job Link": "/jobs/view/4103328422/?alternateChannel=search&refId=qcTYKyfjVVekSE8EknmnnQ%3D%3D&trackingId=TbGw5H8J0ZWwFnxdchlUHw%3D%3D&trk=d_flagship3_search_srp_jobs",
    "Data": [
      "Remote",
      "Internship",
      "Internship"
    ]
  },
  {
    "Company": "BiteSpeed",
    "Comapny Link": "https://www.linkedin.com/company/bitespeed/life",
    "Job Title": "Back End Developer",
    "Job Link": "/jobs/view/4100090881/?alternateChannel=search&refId=qcTYKyfjVVekSE8EknmnnQ%3D%3D&trackingId=4%2F5cn8EwHLI4i3zVy%2Fbtxg%3D%3D&trk=d_flagship3_search_srp_jobs",
    "Data": [
      "Remote",
      "Full-time",
      "Mid-Senior",
      "level"
    ]
  },
  {
    "Company": "IBM",
    "Comapny Link": "https://www.linkedin.com/company/ibm/life",
    "Job Title": "Software Developer Intern",
    "Job Link": "/jobs/view/4102048337/?alternateChannel=search&refId=qcTYKyfjVVekSE8EknmnnQ%3D%3D&trackingId=tcGpBsMioYgiPw9ujtgozg%3D%3D&trk=d_flagship3_search_srp_jobs",
    "Data": [
      "On-site",
      "Full-time"
    ]
  },
  {
    "Company": "QuinStreet",
    "Comapny Link": "https://www.linkedin.com/company/quinstreet/life",
    "Job Title": "PHP Developer - Intern (6 Months)",
    "Job Link": "/jobs/view/4103682587/?alternateChannel=search&refId=qcTYKyfjVVekSE8EknmnnQ%3D%3D&trackingId=YkGBgAmgusO%2BLm19Qnzofw%3D%3D&trk=d_flagship3_search_srp_jobs",
    "Data": [
      "On-site",
      "Internship",
      "Entry",
      "level"
    ]
  },
  {
    "Company": "OPTIMANAGE SOFTWARE",
    "Comapny Link": "https://www.linkedin.com/company/optimanage/life",
    "Job Title": "Full Stack Developer Intern",
    "Job Link": "/jobs/view/4101939492/?alternateChannel=search&refId=qcTYKyfjVVekSE8EknmnnQ%3D%3D&trackingId=N7x%2FUVKuJlnpAQ3o2lhNrQ%3D%3D&trk=d_flagship3_search_srp_jobs",
    "Data": [
      "On-site",
      "Internship",
      "Entry",
      "level"
    ]
  },
  {
    "Company": "RapidxIQ Technologies",
    "Comapny Link": "https://www.linkedin.com/company/rapidxiq/life",
    "Job Title": "SQL Developer Apprentice WFH",
    "Job Link": "/jobs/view/4104762757/?alternateChannel=search&refId=qcTYKyfjVVekSE8EknmnnQ%3D%3D&trackingId=HODIQCKhBFtWujiCOzp5XQ%3D%3D&trk=d_flagship3_search_srp_jobs",
    "Data": [
      "\u20b9350K/yr",
      "-",
      "\u20b9450K/yr",
      "Remote",
      "Full-time",
      "Internship"
    ]
  },
  {
    "Company": "Internkaksha IT Solutions",
    "Comapny Link": "https://www.linkedin.com/company/intern-kaksh/life",
    "Job Title": "Python Developer Intern",
    "Job Link": "/jobs/view/4104768636/?alternateChannel=search&refId=qcTYKyfjVVekSE8EknmnnQ%3D%3D&trackingId=AUgH4nvst5Pkl%2BfzOD%2Fgog%3D%3D&trk=d_flagship3_search_srp_jobs",
    "Data": [
      "Remote",
      "Internship"
    ]
  },
  {
    "Company": "Minteworld",
    "Comapny Link": "https://www.linkedin.com/company/minteworld/life",
    "Job Title": "Entry Level Software Developer",
    "Job Link": "/jobs/view/4101901569/?alternateChannel=search&refId=qcTYKyfjVVekSE8EknmnnQ%3D%3D&trackingId=X7k6a787PtsM9QpPDZKeOA%3D%3D&trk=d_flagship3_search_srp_jobs",
    "Data": [
      "\u20b9288K/yr",
      "-",
      "\u20b9360K/yr",
      "Remote",
      "Full-time",
      "Entry",
      "level"
    ]
  },
  {
    "Company": "Softmet Solutions",
    "Comapny Link": "https://www.linkedin.com/company/softmetsolutions/life",
    "Job Title": "Python Developer (Software/Web Intern)",
    "Job Link": "/jobs/view/4104762754/?alternateChannel=search&refId=qcTYKyfjVVekSE8EknmnnQ%3D%3D&trackingId=Utq%2F0D8oJljmA6rk%2FUGviw%3D%3D&trk=d_flagship3_search_srp_jobs",
    "Data": [
      "\u20b9400K/yr",
      "-",
      "\u20b9450K/yr",
      "Remote",
      "Full-time",
      "Internship"
    ]
  },
  {
    "Company": "InnovateNuo Solutions",
    "Comapny Link": "https://www.linkedin.com/company/innoavatenuosolutions/life",
    "Job Title": "Python Developer Internship - Fresher",
    "Job Link": "/jobs/view/4101943348/?alternateChannel=search&refId=qcTYKyfjVVekSE8EknmnnQ%3D%3D&trackingId=RGEzPZonl5Bqv1YCT0cOJQ%3D%3D&trk=d_flagship3_search_srp_jobs",
    "Data": [
      "\u20b9400K/yr",
      "-",
      "\u20b9500K/yr",
      "Remote",
      "Internship",
      "Entry",
      "level"
    ]
  },
  {
    "Company": "InnovateNuo Solutions",
    "Comapny Link": "https://www.linkedin.com/company/innoavatenuosolutions/life",
    "Job Title": "Python Developer Internship - Fresher",
    "Job Link": "/jobs/view/4101943348/?alternateChannel=search&refId=qcTYKyfjVVekSE8EknmnnQ%3D%3D&trackingId=RGEzPZonl5Bqv1YCT0cOJQ%3D%3D&trk=d_flagship3_search_srp_jobs",
    "Data": [
      "\u20b9400K/yr",
      "-",
      "\u20b9500K/yr",
      "Remote",
      "Internship",
      "Entry",
      "level"
    ]
  },
  {
    "Company": "Accobridge Solutions",
    "Comapny Link": "https://www.linkedin.com/company/accobridgesolutions/life",
    "Job Title": "Python Developer Intern Remote",
    "Job Link": "/jobs/view/4104761833/?alternateChannel=search&refId=qcTYKyfjVVekSE8EknmnnQ%3D%3D&trackingId=CliBDVH%2Fxc5UhPHOaNZzng%3D%3D&trk=d_flagship3_search_srp_jobs",
    "Data": [
      "\u20b9300K/yr",
      "-",
      "\u20b9450K/yr",
      "Remote",
      "Full-time",
      "Internship"
    ]
  },
  {
    "Company": "Oracle",
    "Comapny Link": "https://www.linkedin.com/company/oracle/life",
    "Job Title": "Software Developer 1",
    "Job Link": "/jobs/view/4095524242/?alternateChannel=search&refId=qcTYKyfjVVekSE8EknmnnQ%3D%3D&trackingId=O6onNIZR1C7XMQ7MdTfWDw%3D%3D&trk=d_flagship3_search_srp_jobs",
    "Data": [
      "On-site",
      "Full-time",
      "Mid-Senior",
      "level"
    ]
  },
  {
    "Company": "2P Perfect Presentation",
    "Comapny Link": "https://www.linkedin.com/company/2pcompanysa/life",
    "Job Title": "ASP.NET Core MVC Developer",
    "Job Link": "/jobs/view/4102723784/?alternateChannel=search&refId=qcTYKyfjVVekSE8EknmnnQ%3D%3D&trackingId=G7dpXXsvs3xV7N71PMH1ZQ%3D%3D&trk=d_flagship3_search_srp_jobs",
    "Data": [
      "On-site",
      "Full-time",
      "Mid-Senior",
      "level"
    ]
  },
  {
    "Company": "2P Perfect Presentation",
    "Comapny Link": "https://www.linkedin.com/company/2pcompanysa/life",
    "Job Title": "ASP.NET Core MVC Developer",
    "Job Link": "/jobs/view/4102723784/?alternateChannel=search&refId=qcTYKyfjVVekSE8EknmnnQ%3D%3D&trackingId=G7dpXXsvs3xV7N71PMH1ZQ%3D%3D&trk=d_flagship3_search_srp_jobs",
    "Data": [
      "On-site",
      "Full-time",
      "Mid-Senior",
      "level"
    ]
  },
  {
    "Company": "VAYUZ Technologies ",
    "Comapny Link": "https://www.linkedin.com/company/vayuz-technologies/life",
    "Job Title": "Dotnet Developer",
    "Job Link": "/jobs/view/4102476026/?alternateChannel=search&refId=qcTYKyfjVVekSE8EknmnnQ%3D%3D&trackingId=w8QHPNsYSlM%2BtLr90CLRzQ%3D%3D&trk=d_flagship3_search_srp_jobs",
    "Data": [
      "Hybrid",
      "Full-time",
      "Mid-Senior",
      "level"
    ]
  }
]