[{"job_title": "Talent Aquisition intern", "company_name": "Innowrap", "label_text": "Early Applicant", "posted_on": "Date Posted: 4 months ago", "applicant": "Be among the first 50 applicants", "industry": "Other", "industry_function": "Consultancy", "job_type": "Permanent Job", "skill_list": ["Linkedin", "mapping documents", "Confidentiality", "MS-Word", "Powerpoint", "google calendar", "local consulting industry", "MS-Excel", "User Stories"], "job_id": "Job ID: 88075933", "description_text": "1) Develop and sustain solid relationship with multiple vendors/IT companies to ensure we get maximum quality candidates 2) Serve as a link between the vendors and the internal teams 3) Ensure clear understanding of clients requirements and undertake necessary actions to fulfill those requirements 4) Negotiating contracts and budgets with key vendors and meeting established deadlines for the fulfillment of each clients long-term/short-term goals. 5) Expand the existing portfolio by adding new vendors to the list Job Requirement: [bold] Bachelors Degree. Bachelors Degree. Thorough knowledge of basic software tools like Google Calendar, MS-Word, MS-Excel, PowerPoint etc. Familiarity with LinkedIn. Thorough understanding of the local consulting industry. Ability to articulate user stories and mapping documents clearly interpreting the requirements ready to be picked by the build team. Ability to maintain a very high level of confidentiality."}, {"job_title": "Talent Aquisition intern", "company_name": "Innowrap", "label_text": "Early Applicant", "posted_on": "Date Posted: 4 months ago", "applicant": "Be among the first 50 applicants", "industry": "Other", "industry_function": "Consultancy", "job_type": "Permanent Job", "skill_list": ["Linkedin", "mapping documents", "Confidentiality", "MS-Word", "Powerpoint", "google calendar", "local consulting industry", "MS-Excel", "User Stories"], "job_id": "Job ID: 88075933", "description_text": "1) Develop and sustain solid relationship with multiple vendors/IT companies to ensure we get maximum quality candidates 2) Serve as a link between the vendors and the internal teams 3) Ensure clear understanding of clients requirements and undertake necessary actions to fulfill those requirements 4) Negotiating contracts and budgets with key vendors and meeting established deadlines for the fulfillment of each clients long-term/short-term goals. 5) Expand the existing portfolio by adding new vendors to the list Job Requirement: [bold] Bachelors Degree. Bachelors Degree. Thorough knowledge of basic software tools like Google Calendar, MS-Word, MS-Excel, PowerPoint etc. Familiarity with LinkedIn. Thorough understanding of the local consulting industry. Ability to articulate user stories and mapping documents clearly interpreting the requirements ready to be picked by the build team. Ability to maintain a very high level of confidentiality."}, {"job_title": "Sales Intern", "company_name": "Temetatech", "label_text": "Early Applicant", "posted_on": "Date Posted: 5 months ago", "applicant": "Be among the first 20 applicants", "industry": "Other", "industry_function": "Sales", "job_type": "Permanent Job", "skill_list": ["Client Relationship Management", "market research", "sales strategy development", "sales pitches", "strategic sales plans", "Client Management", "business objectives", "Analytical Skills", "Communication Skills", "Sales"], "job_id": "Job ID: 84723263", "description_text": "Hands-on Experience: Gain practical skills in lead generation and sales strategy development. Training and Development: Participate in workshops to enhance your sales and client management skills. Networking Opportunities: Connect with industry professionals and build a valuable network. Real-World Projects: Contribute to impactful sales initiatives and client relationship management. Responsibilities: Identify and qualify potential leads through market research and outreach activities. Support the sales team in preparing and delivering effective sales pitches. Manage and nurture client relationships to ensure satisfaction and retention. Assist in developing and implementing strategic sales plans to achieve business objectives. Qualifications: Currently pursuing a degree in Business Administration, Marketing, or a related field. Passionate about sales with strong analytical and communication skills. Self-motivated and proactive, with a strong desire to learn and grow. Team player with the ability to collaborate effectively in a dynamic environment."}, {"job_title": "Sales Intern", "company_name": "Temetatech", "label_text": "Early Applicant", "posted_on": "Date Posted: 5 months ago", "applicant": "Be among the first 20 applicants", "industry": "Other", "industry_function": "Sales", "job_type": "Permanent Job", "skill_list": ["Client Relationship Management", "market research", "sales strategy development", "sales pitches", "strategic sales plans", "Client Management", "business objectives", "Analytical Skills", "Communication Skills", "Sales"], "job_id": "Job ID: 84723263", "description_text": "Hands-on Experience: Gain practical skills in lead generation and sales strategy development. Training and Development: Participate in workshops to enhance your sales and client management skills. Networking Opportunities: Connect with industry professionals and build a valuable network. Real-World Projects: Contribute to impactful sales initiatives and client relationship management. Responsibilities: Identify and qualify potential leads through market research and outreach activities. Support the sales team in preparing and delivering effective sales pitches. Manage and nurture client relationships to ensure satisfaction and retention. Assist in developing and implementing strategic sales plans to achieve business objectives. Qualifications: Currently pursuing a degree in Business Administration, Marketing, or a related field. Passionate about sales with strong analytical and communication skills. Self-motivated and proactive, with a strong desire to learn and grow. Team player with the ability to collaborate effectively in a dynamic environment."}, {"job_title": "Process, Proposals, and Operations Intern", "company_name": "Temetatech", "label_text": "Early Applicant", "posted_on": "Date Posted: 5 months ago", "applicant": "Be among the first 50 applicants", "industry": "Other", "industry_function": "Business Support and Management", "job_type": "Permanent Job", "skill_list": ["Organizational", "Data Analysis", "project management", "analytical", "Optimization", "Process Optimization", "communication", "Problem-solving"], "job_id": "Job ID: 84723301", "description_text": "Hands-on Experience: Gain practical skills in process optimization and operational support. Training and Development: Participate in workshops to enhance your analytical and project management abilities. Networking Opportunities: Connect with industry professionals and build a valuable network. Real-World Projects: Contribute to impactful process optimization and project planning initiatives. [bold] Responsibilities: Responsibilities: Analyze and optimize operational processes to improve efficiency and effectiveness. Support the development and drafting of proposals for client projects. Assist in project planning and coordination to ensure timely execution. Utilize data analysis techniques to provide insights for informed decision-making. [bold] Qualifications: Qualifications: Currently pursuing a degree in Business Administration, Management, or a related field. Strong analytical and organizational skills, with a keen attention to detail. Proactive and eager to learn, with a problem-solving mindset. Excellent communication skills and ability to work well in a team."}, {"job_title": "Sales Intern", "company_name": "Coxventure", "label_text": "Early Applicant", "posted_on": "Date Posted: 5 months ago", "applicant": "Be among the first 50 applicants", "industry": "Other", "industry_function": "Sales", "job_type": "Permanent Job", "skill_list": ["Crm Systems", "Documentation", "Time Management", "Interpersonal Skills", "Verbal Communication", "Team Player", "Sales Tools", "business development", "self-motivated", "Sales", "Marketing", "sales principles", "Written Communication", "Organizational Skills", "Data Entry", "Microsoft Office"], "job_id": "Job ID: 84530319", "description_text": "CoXventure is looking for Sales Intern to join our dynamic team and embark on a rewarding career journey The Sales Intern supports the sales team in various activities aimed at achieving sales targets and expanding the customer base This position provides an opportunity to gain hands-on experience in sales operations, customer engagement, and market research The Sales Intern works closely with sales representatives and sales managers to learn about the sales process and contribute to the overall sales efforts of the organization Key Responsibilities: Sales Support: Assist the sales team with administrative tasks, such as data entry, preparing sales documents, and maintaining customer records Provide general support in managing sales inquiries, follow-ups, and order processing Market Research: Conduct research on industry trends, competitors, and target markets to identify potential prospects and market opportunities Gather data and analyze information to support sales strategies and decision-making Lead Generation: Assist in lead generation activities by identifying potential customers through online research, social media platforms, and other available resources Maintain a database of leads and prospects for the sales team to pursue Customer Engagement: Participate in customer interactions, including phone calls, emails, and meetings, under the guidance of sales representatives Support in addressing customer inquiries, providing product information, and resolving basic issues Sales Analytics: Assist in analyzing sales data and performance metrics to identify areas of improvement and track progress towards sales goals Generate reports and dashboards to visualize sales trends, customer behavior, and other relevant insights Sales Presentations: Contribute to the development of sales presentations and sales collateral Help create engaging content, visuals, and product/service demonstrations that effectively communicate value propositions to potential customers Sales Coordination: Collaborate with internal teams, such as marketing, operations, and customer service, to ensure smooth coordination and timely delivery of products or services to customers Assist in managing sales-related documentation and processes Professional Development: Actively participate in sales training programs, workshops, and meetings to enhance sales knowledge and skills Seek feedback from sales professionals and take initiative to continuously improve performance Qualifications and Skills: Currently pursuing a Bachelor's degree in business administration, marketing, or a related field (or recently graduated) Strong interest in sales, marketing, or business development Excellent verbal and written communication skills Good interpersonal skills and ability to build relationships with customers and colleagues Strong organizational and time management abilities Detail-oriented with a high level of accuracy in data entry and documentation Proficiency in Microsoft Office applications (Word, Excel, PowerPoint) Familiarity with CRM systems or sales tools is a plus Basic knowledge of sales principles and techniques Self-motivated and eager to learn Ability to work independently and collaboratively within a team"}, {"job_title": "Research Intern at AI Certs", "company_name": "AI Certs", "label_text": null, "posted_on": "Date Posted: 5 months ago", "applicant": "Over 50 applicants", "industry": "Other", "industry_function": "Education Technology", "job_type": "Permanent Job", "skill_list": ["Education Technology", "R", "Data Analysis", "Artificial Intelligence", "Research", "Python"], "job_id": "Job ID: 86506107", "description_text": "As a Research Intern at AI Certs, you will have the opportunity to contribute to cutting-edge research initiatives in the fields of artificial intelligence and education technology. You will work closely with our team of experts and educators, assisting in research projects that support our comprehensive AI certification portfolio. Your work will contribute to our commitment to social impact and a global vision while providing you with valuable research experience and learning opportunities. Responsibilities: Conduct literature reviews and gather relevant research materials in the areas of artificial intelligence and education technology. Assist in data collection, analysis, and interpretation to support ongoing research projects. Collaborate with researchers and subject matter experts to develop research methodologies and experiments. Summarize research findings and contribute to the preparation of research reports, whitepapers, and publications. Work closely with mentors and senior researchers to learn and apply research techniques and best practices. Participate in research discussions and brainstorming sessions to generate innovative ideas. Contribute to the planning and execution of experiments and data collection efforts. Keep abreast of the latest research trends and advancements in AI and education. Qualifications: Enrolled in or recently completed a Bachelor s or Master s degree program in a relevant field, such as Computer Science, Education, or a related discipline. Strong interest in artificial intelligence, education technology, and research. Solid analytical and problem-solving skills. Excellent written and verbal communication skills. Ability to work independently and as part of a collaborative research team. Proficiency in data analysis tools and software, such as Python or R, is a plus. A strong desire to learn and contribute to meaningful research projects. Alignment with AI Certs social impact goals and a commitment to education."}, {"job_title": "Growth Intern", "company_name": "Unstarted", "label_text": "Early Applicant", "posted_on": "Date Posted: 5 months ago", "applicant": "Be among the first 20 applicants", "industry": "Other", "industry_function": "Marketing", "job_type": "Permanent Job", "skill_list": ["market research", "growth strategies", "growth marketing", "growth initiatives", "Sales"], "job_id": "Job ID: 84147303", "description_text": "UnStartED is looking for Growth Intern to join our dynamic team and embark on a rewarding career journey Assist in developing and implementing growth strategies for the organization. Conduct market research and analyze data to identify growth opportunities. Support marketing and sales efforts to acquire new customers. Collaborate with cross-functional teams to execute growth initiatives. Monitor and report on the performance of growth strategies. Provide administrative support for growth projects and campaigns. Stay updated on industry trends and best practices in growth marketing."}, {"job_title": "Sales Representative Intern", "company_name": "Phyllo", "label_text": "Early Applicant", "posted_on": "Date Posted: 5 months ago", "applicant": "Be among the first 30 applicants", "industry": "Other", "industry_function": "Sales", "job_type": "Permanent Job", "skill_list": ["B2B SaaS", "Sales", "Interpersonal Skills", "Developer Tool Sales", "Communication"], "job_id": "Job ID: 84722039", "description_text": "0-2 years Sales experience in an early stage startup B2B SaaS or Developer Tool Sales experience Strong communication and interpersonal skills. Willingness to build a career in sales [bold] What we offer: What we offer: \n Work from home or your preferred location. A work culture that helps you innovate and evolve continuously. Freedom from old school thinking. Choose to work in the hours you feel the most productive."}, {"job_title": "Business Development Intern / Trainee", "company_name": "Innowrap", "label_text": null, "posted_on": "Date Posted: 4 months ago", "applicant": "Over 50 applicants", "industry": "Other", "industry_function": "Sales", "job_type": "Permanent Job", "skill_list": ["B2b", "market research", "Prospecting", "Relationship Building", "client acquisition", "cold emails", "leads", "sales calls", "Direct Sales", "corporate sales", "CRM"], "job_id": "Job ID: 88075905", "description_text": "[bold] 1. New client acquisition (corporate sales in B2B): 1. New client acquisition (corporate sales in B2B): market research, generate leads, prospecting through cold emails, setting up and attending sales calls and meetings, follow-up and CRM updates, direct sales of services and products, building and retaining relationships with existing clients. [bold] 2. 2. [bold] Assist in developin Assist in developin g and updating all sales pitch [bold] 3. General assistance 3. General assistance and organisational support to the BD department 6 months duration of internship Stipend 5000 /- per month plus incentives Laptop mandator"}, {"job_title": "Business Development Intern / Trainee", "company_name": "Innowrap", "label_text": null, "posted_on": "Date Posted: 4 months ago", "applicant": "Over 50 applicants", "industry": "Other", "industry_function": "Sales", "job_type": "Permanent Job", "skill_list": ["B2b", "market research", "Prospecting", "Relationship Building", "client acquisition", "cold emails", "leads", "sales calls", "Direct Sales", "corporate sales", "CRM"], "job_id": "Job ID: 88075905", "description_text": "[bold] 1. New client acquisition (corporate sales in B2B): 1. New client acquisition (corporate sales in B2B): market research, generate leads, prospecting through cold emails, setting up and attending sales calls and meetings, follow-up and CRM updates, direct sales of services and products, building and retaining relationships with existing clients. [bold] 2. 2. [bold] Assist in developin Assist in developin g and updating all sales pitch [bold] 3. General assistance 3. General assistance and organisational support to the BD department 6 months duration of internship Stipend 5000 /- per month plus incentives Laptop mandator"}, {"job_title": "Advance Excel For Data Analytics Intern", "company_name": "Stuvalley Technology", "label_text": null, "posted_on": "Date Posted: 5 months ago", "applicant": "Over 500 applicants", "industry": "Other", "industry_function": "Data Science", "job_type": "Permanent Job", "skill_list": ["Content Creation", "Visualization", "Problem Solving", "Computer Science", "Statistics", "Mathematics", "Collaboration", "Remote Work", "Analytical", "Data Analysis", "Communication", "Advanced Excel", "Excel", "Data Analytics"], "job_id": "Job ID: 86213025", "description_text": "We are seeking a dynamic and motivated individual to join our team as an Advanced Excel for Data Analytics Intern. This internship provides an excellent opportunity to gain hands-on experience in utilizing advanced Excel techniques for data analytics, content creation, and exposure to real-world industry projects. The successful candidate will work closely with experienced professionals, receiving mentorship and guidance while contributing to meaningful projects. [bold] As an intern you will get practical aspect on following: As an intern you will get practical aspect on following: Utilize advanced Excel functions and tools for data analysis and visualization. Collaborate with team members to understand project requirements and objectives. Assist in the creation of content related to data analytics and Excel techniques. Work on real-world industry projects to gain practical experience and enhance skills. Communicate progress, challenges, and findings effectively with the team. [bold] Requirements: Requirements: Proficiency in Excel, including advanced functions and formulas. Strong analytical and problem-solving skills. Excellent communication and collaboration abilities. Ability to work independently and remotely. Pursuing or recently completed a degree in a related field such as Data Science, Statistics, Computer Science, or Mathematics. [bold] Benefits: Benefits: Live Projects Remote Work Mode Certificate of Internship Completion. Mentorship From Experienced Professionals. Exposure to Real-World Industry-Standard Projects. Industrial Projects to Enhance Placement Prospects"}, {"job_title": "Advance Excel For Data Analytics Intern", "company_name": "Stuvalley Technology", "label_text": null, "posted_on": "Date Posted: 5 months ago", "applicant": "Over 500 applicants", "industry": "Other", "industry_function": "Data Science", "job_type": "Permanent Job", "skill_list": ["Content Creation", "Visualization", "Problem Solving", "Computer Science", "Statistics", "Mathematics", "Collaboration", "Remote Work", "Analytical", "Data Analysis", "Communication", "Advanced Excel", "Excel", "Data Analytics"], "job_id": "Job ID: 86213025", "description_text": "We are seeking a dynamic and motivated individual to join our team as an Advanced Excel for Data Analytics Intern. This internship provides an excellent opportunity to gain hands-on experience in utilizing advanced Excel techniques for data analytics, content creation, and exposure to real-world industry projects. The successful candidate will work closely with experienced professionals, receiving mentorship and guidance while contributing to meaningful projects. [bold] As an intern you will get practical aspect on following: As an intern you will get practical aspect on following: Utilize advanced Excel functions and tools for data analysis and visualization. Collaborate with team members to understand project requirements and objectives. Assist in the creation of content related to data analytics and Excel techniques. Work on real-world industry projects to gain practical experience and enhance skills. Communicate progress, challenges, and findings effectively with the team. [bold] Requirements: Requirements: Proficiency in Excel, including advanced functions and formulas. Strong analytical and problem-solving skills. Excellent communication and collaboration abilities. Ability to work independently and remotely. Pursuing or recently completed a degree in a related field such as Data Science, Statistics, Computer Science, or Mathematics. [bold] Benefits: Benefits: Live Projects Remote Work Mode Certificate of Internship Completion. Mentorship From Experienced Professionals. Exposure to Real-World Industry-Standard Projects. Industrial Projects to Enhance Placement Prospects"}, {"job_title": "Junior Software Engineer Intern", "company_name": "Temetatech", "label_text": null, "posted_on": "Date Posted: 5 months ago", "applicant": "Over 500 applicants", "industry": "Other", "industry_function": "sales and marketing", "job_type": "Permanent Job", "skill_list": ["Marketing", "market research", "Interpersonal Skills", "communication", "Sales"], "job_id": "Job ID: 84723315", "description_text": "[bold] Internship Highlights: Internship Highlights: Hands-on Experience: Work closely with our seasoned sales and marketing team. Training and Development: Participate in training sessions to enhance your skills. Networking Opportunities: Connect with industry professionals and build valuable relationships. Real-World Projects: Contribute to impactful projects that make a difference. [bold] Responsibilities: Responsibilities: Support the sales and marketing team in day-to-day activities. Assist in the creation of marketing materials and sales collateral. Conduct market research to identify new business opportunities. Collaborate with team members on various projects. [bold] Qualifications: Qualifications: Currently enrolled in a relevant degree program. Passion for sales and marketing with a desire to learn and grow. Strong communication and interpersonal skills. Proactive attitude and eagerness to take on challenges. Internship Highlights: Hands-on Experience: Gain practical skills in web development and Adobe Experience Manager (AEM). Training and Development: Participate in structured learning sessions to refine your technical abilities. Networking Opportunities: Connect with industry experts and expand your professional network. Real-World Projects: Contribute to impactful projects that shape digital experiences. [bold] Responsibilities: Responsibilities: Support the development and maintenance of web applications. Assist in managing Adobe Experience Manager (AEM) components. Contribute to digital marketing initiatives and campaign execution. Collaborate with team members on project planning and execution. [bold] Qualifications: Qualifications: Currently pursuing a degree in Computer Science or a related field. Passionate about software development with a strong desire to learn AEM. Solid analytical skills and a problem-solving mindset. Excellent communication and teamwork abilities."}, {"job_title": "HR Executive Intern", "company_name": "Prudential Biotech", "label_text": null, "posted_on": "Date Posted: 4 months ago", "applicant": "Over 500 applicants", "industry": "Medical Devices & Equipment", "industry_function": "HR", "job_type": "Permanent Job", "skill_list": ["Organizational", "Hr", "communication", "Interpersonal", "Microsoft Office Suite"], "job_id": "Job ID: 87042679", "description_text": "[bold] Recruitment Support: Recruitment Support: Assist in posting job openings on job boards and social media platforms. Screen resumes, schedule interviews, and communicate with candidates. Participate in conducting interviews and providing feedback. [bold] Onboarding and Orientation: Onboarding and Orientation: Support the onboarding process for new hires by preparing documentation and organizing orientation sessions. Assist in ensuring a smooth transition for new employees into the company. [bold] HR Administration: HR Administration: Help maintain accurate employee records and databases. Assist in processing HR-related documentation such as employment contracts and benefits enrollment forms. Support the implementation of HR policies and procedures. [bold] Employee Relations: Employee Relations: Act as a point of contact for employee inquiries and provide assistance with HR-related matters. Assist in handling employee grievances and conducting investigations as needed. Contribute to employee engagement initiatives and activities. [bold] Learning and Development: Learning and Development: Assist in coordinating training programs and workshops for employees. Help create training materials and resources. Support the tracking of employee training participation and feedback. [bold] Compliance: Compliance: Assist in ensuring compliance with labor laws and regulations. Participate in HR audits and contribute to corrective actions as needed. \n \n Requirements: \n Currently pursuing a Bachelor s degree in Human Resources Management, Business Administration, or a related field. Strong interest in pursuing a career in human resources. Excellent communication and interpersonal skills. Detail-oriented with strong organizational abilities. Ability to maintain confidentiality and handle sensitive information with discretion. Proficiency in Microsoft Office Suite. Prior internship or work experience in HR is a plus, but not required. Join us for an enriching internship experience where you will have the opportunity to develop essential HR skills and contribute to the success of our ecommerce company. This internship will provide you with valuable hands-on experience and exposure to various aspects of HR in a dynamic and fast-paced environment. If you are eager to learn and grow in the field of HR, we encourage you to apply for this internship position. \n \n Desired Resume \n Full Name * Date of Birth * Email * Phone * Current Address * Education * Skills/ Certification * Experience * By using this form you agree with the storage and handling of your data by this website. * Search Job Recent Jobs"}, {"job_title": "Python Developer Intern", "company_name": "Stuvalley Technology", "label_text": null, "posted_on": "Date Posted: 5 months ago", "applicant": "Over 500 applicants", "industry": "Other", "industry_function": "technology", "job_type": "Permanent Job", "skill_list": ["Teamwork", "Problem Solving", "communication", "Software Development", "python", "Debugging"], "job_id": "Job ID: 86213035", "description_text": "We are excited to offer an opportunity for talented Python enthusiasts to join our team as Python Developer Interns at StuValley Technology. As a Python Developer Intern, you will play a vital role in contributing to real-world projects and gaining practical experience in Python development. Whether youre an experienced coder or a fresh graduate with a passion for Python, we welcome you to be part of our innovative team [bold] As an intern you will get practical aspect on following: As an intern you will get practical aspect on following: Collaborate with our development team to create and maintain Python applications. Write clean, efficient, and maintainable Python code. Assist in debugging and enhancing existing codebase. Learn and implement software development best practices. Engage in code reviews and provide constructive feedback. Contribute to the design and implementation of software solutions. [bold] Qualifications & Requirement: Qualifications & Requirement: Pursuing a CS or related degree. any fresher or experienced candidate is eligible for this post. Relevant certifications are a plus. A strong passion for Python programming. Basic understanding of Python fundamentals (knowledge of libraries and frameworks is a plus). Strong problem-solving skills. Eagerness to learn and adapt to new technologies. Effective communication and teamwork skills. [bold] Benefits: Benefits: Live Projects Remote Work Mode Certificate of Internship Completion. Mentorship From Experienced Professionals. Exposure to Real-World Industry-Standard Projects. Industrial Projects to Enhance Placement Prospects"}, {"job_title": "Python Developer Intern", "company_name": "Stuvalley Technology", "label_text": null, "posted_on": "Date Posted: 5 months ago", "applicant": "Over 500 applicants", "industry": "Other", "industry_function": "technology", "job_type": "Permanent Job", "skill_list": ["Teamwork", "Problem Solving", "communication", "Software Development", "python", "Debugging"], "job_id": "Job ID: 86213035", "description_text": "We are excited to offer an opportunity for talented Python enthusiasts to join our team as Python Developer Interns at StuValley Technology. As a Python Developer Intern, you will play a vital role in contributing to real-world projects and gaining practical experience in Python development. Whether youre an experienced coder or a fresh graduate with a passion for Python, we welcome you to be part of our innovative team [bold] As an intern you will get practical aspect on following: As an intern you will get practical aspect on following: Collaborate with our development team to create and maintain Python applications. Write clean, efficient, and maintainable Python code. Assist in debugging and enhancing existing codebase. Learn and implement software development best practices. Engage in code reviews and provide constructive feedback. Contribute to the design and implementation of software solutions. [bold] Qualifications & Requirement: Qualifications & Requirement: Pursuing a CS or related degree. any fresher or experienced candidate is eligible for this post. Relevant certifications are a plus. A strong passion for Python programming. Basic understanding of Python fundamentals (knowledge of libraries and frameworks is a plus). Strong problem-solving skills. Eagerness to learn and adapt to new technologies. Effective communication and teamwork skills. [bold] Benefits: Benefits: Live Projects Remote Work Mode Certificate of Internship Completion. Mentorship From Experienced Professionals. Exposure to Real-World Industry-Standard Projects. Industrial Projects to Enhance Placement Prospects"}]