[
  {
    "Job Link": "https://in.indeed.com/rc/clk?jk=41842d1944930020&from=hp&tk=1ifeq3vhkh32b801&bb=k7304nN-ROAcmt1F3rWei0PiwO_BLkoIcGgPPrA8UorFdJhTRkQSOdmP31Vessz5EakqH4OPmTzJggO9c_9bGe3a9zLP7LdV_IT3YuB0v1HH-X9pPp8k_1fstU5TRHQDZ2FLXBKApzs%3D&xkcb=SoDr67M34u8ALIy2iR0_bzkdCdPP",
    "Job Title": "Packing Officer",
    "Company Name": "Saga Lifesciences Limited",
    "Company Location": "Bavla, Ahmedabad, Gujarat",
    "Rating": null
  },
  {
    "Job Link": "https://in.indeed.com/rc/clk?jk=38955fcb650f8298&from=hp&tk=1ifeq3vhkh32b801&bb=k7304nN-ROCnOAc_BtP_ekAdH9rSzhsvBazYP6C7WdR2GOShEGQAsJY_wRtld09Qn-Zex5JU7c-LA4Yt3N3cbJgVbYT9Zv5ysaoGOOatNp936X43eKiwtZ1k_65ZLhsF2A7J_c0vMdY%3D&xkcb=SoCf67M34u8ALIy2iR0zbzkdCdPP",
    "Job Title": "Data Entry Operator/Computer Operator",
    "Company Name": "Capacit\u00e9 Business Services",
    "Company Location": "Vastrapur, Ahmedabad, Gujarat",
    "Rating": null
  },
  {
    "Job Link": "https://in.indeed.com/rc/clk?jk=2ca36e165594f995&from=hp&tk=1ifeq3vhkh32b801&bb=k7304nN-ROD-uNJfDebnkdX6JRsWP5iPizNXgp8Vpu0HWf0zi3PuNpJw2SlWWjCf05w83xfaOyI_tWMSae4Uj9_k_TVbhYklDJgSPkgZdSwHFVtX8XLqAdiXXYxpunRYmsh5IAysM84%3D&xkcb=SoBU67M34u8ALLS2iR0ObzkdCdPP",
    "Job Title": "operation excellence",
    "Company Name": "HCG Hospitals, Ahmedabad",
    "Company Location": "Ellis Bridge, Ahmedabad, Gujarat",
    "Rating": null
  },
  {
    "Job Link": "https://in.indeed.com/rc/clk?jk=54172fb4131d2aac&from=hp&tk=1ifeq3vhkh32b801&bb=k7304nN-ROC-opHIlMprCmxUMYawTmvjt2i_Whhcn3VmlkuQqxZHDeaomhGXLQO0zG5VIRIjRFxklk96eB0wZ-fPRN6SsQ2r6F847ciu2JZJNG6ROQqYbIfoC0FG8D9G4Hz1tQ0PKPs%3D&xkcb=SoC967M34u8ALLS2iR0BbzkdCdPP",
    "Job Title": "Data Entry Operator/Computer Operator",
    "Company Name": "Lattzen Innovation",
    "Company Location": "Bavla, Ahmedabad, Gujarat",
    "Rating": null
  },
  {
    "Job Link": "https://in.indeed.com/rc/clk?jk=bf9a62948ef61536&from=hp&tk=1ifeq3vhkh32b801&bb=k7304nN-RODLLNp_DKN2XOMYd0zqVlDa_Ov7ONZjlvybBimVWLPKjZCM86nvGlOm7sEH24CWr03qyPoXK7082_JcBTZioB46YEM5x20A6ifX79QdyoDVyLW93-6pYX46Yyx31gD-udY%3D&xkcb=SoAa67M34u8ALLS2iR0EbzkdCdPP",
    "Job Title": "Telecaller",
    "Company Name": "TripFactory",
    "Company Location": "Ahmedabad, Gujarat",
    "Rating": null
  },
  {
    "Job Link": "https://in.indeed.com/rc/clk?jk=795731ee672745ab&from=hp&tk=1ifeq3vhkh32b801&bb=k7304nN-ROAsnH1C5tOznK2Ko-hxhnDarKfDu0gaaoKE5HN2MmAiMjvtKFkLywFsvIDycwvTSUI13hbozAMazG8XhHZO9mbOg5FLFVoV_EDD4OuYT63E1VcDGWARxlKeqF_YUb-GKFQ%3D&xkcb=SoC267M34u8ALLy2iR0LbzkdCdPP",
    "Job Title": "Fresher 10/12 - Ahmedabad",
    "Company Name": "swaminarayan products pvt ltd",
    "Company Location": "Ahmedabad, Gujarat",
    "Rating": null
  }
]