{
  "props": {
    "pageProps": {
      "pathname": "/job-search/[searchquery]",
      "UID": null,
      "isMobile": null,
      "bannerData": null,
      "latestBlog": null,
      "lastPageData": null,
      "pageData": null,
      "query": {
        "q": "intern",
        "searchquery": "intern-jobs"
      },
      "noResultsFound": false,
      "similarInterlinkingBlogData": {
        "similar_blogs": [
          {
            "id": 561,
            "no_views": 1974,
            "no_shares": 0,
            "last_modified_on": "2024-10-14T15:23:23.660066+05:30",
            "publish_date": "2020-05-29T18:42:02.226751+05:30",
            "slug": "tips-get-web-development-internship",
            "title": "Tips To Get A Web Development Internship",
            "image": "https://staticlearn.shine.com/l/m/images/blog/mobile/web_development_internship.webp",
            "image_alt": "web development internship",
            "content": "Web Development refers to the tasks related to making websites for various product and services and hosting them via the internet. It includes web design, web content development, and server-side scripting and network security configuration. A Web developer designs a website and also writes web scri",
            "summary": "Want to apply for a web development internship? But getting rejected again and again? Go through this article will help you make your clear chances to",
            "heading": "Tips To Get A Web Development Internship",
            "name": "Tips Get Web Development Internship"
          },
          {
            "id": 339,
            "no_views": 4230,
            "no_shares": 0,
            "last_modified_on": "2023-09-04T18:46:32.363537+05:30",
            "publish_date": "2019-03-01T16:53:07.083277+05:30",
            "slug": "internship-resume",
            "title": "Internship Resume - How to Write Resume For Internship - Learning.Shine",
            "image": "https://staticlearn.shine.com/l/m/images/blog/mobile/Internship-resume.webp",
            "image_alt": "Internship Resume",
            "content": "Internship Resume is the primary document to get a good internship in some prior companies. Sometimes candidate thinks why to build up a resume for an internship, but it helps a person for landing a good job after it. It is not always necessary if you don\u0026rsquo;t have any work experience you cannot ",
            "summary": "Read Article on Internship Resume. Internship Resume is the primary document to get a good internship in some prior companies. Sometimes candidate thi",
            "heading": "Internship resume - Check Steps to Write Resume for Internship",
            "name": "Internship Resume"
          },
          {
            "id": 1118,
            "no_views": 18744,
            "no_shares": 0,
            "last_modified_on": "2024-09-12T17:25:45.008630+05:30",
            "publish_date": "2020-07-27T13:24:17.756781+05:30",
            "slug": "how-to-answer-why-should-you-be-hired-for-this-internship",
            "title": "How To Answer \"Why Should You Be Hired For This Internship?\" (With Sample Answers)",
            "image": "https://staticlearn.shine.com/l/m/images/blog/mobile/what_excites_you_about_this_internship.webp",
            "image_alt": "what excites you about this internship",
            "content": "An internship can be the perfect approach to try out your dream job. It can be a comprehensive learning exposure, and an intern can even land a job offer. Working for several months in an organization can be rewarding if the program is designed for both benefits of the company and the student.Howeve",
            "summary": "If you have applied for an internship and worried about the common and most asked question 'Why should you be hired for an internship', read on to kno",
            "heading": "How To Answer \"Why Should You Be Hired For This Internship?\" (With Sample Answers)",
            "name": "how to answer why should you be hired for this internship"
          },
          {
            "id": 1741,
            "no_views": 440,
            "no_shares": 58,
            "last_modified_on": "2023-09-04T18:46:42.947527+05:30",
            "publish_date": "2022-12-14T20:27:58.509091+05:30",
            "slug": "3-simple-steps-to-writing-an-efficient-international-resume",
            "title": "3 Simple Steps To Writing An Efficient International Resume - Learning.Shine",
            "image": "https://staticlearn.shine.com/l/m/images/blog/mobile/Efficient_International_Resume.webp",
            "image_alt": "Efficient International Resume",
            "content": "For jobs abroad, you must rewrite your CV to meet the standards of the nation you are applying to. Employers search for the same attributes in candidates everywhere, but application procedures vary by nation. Be mindful of the subtle customs pertaining to foreign CVs, resumes, and application proced",
            "summary": "Overseas job requires reformatting your resume to fit the traditional requirements of the country where you're applying. Let’s understand how to write",
            "heading": "3 Simple Steps To Writing An Efficient International Resume",
            "name": "3 Simple Steps To Writing An Efficient International Resume"
          }
        ]
      },
      "initialState": {
        "profile": {
          "data": {},
          "isLoaded": false,
          "show": false
        },
        "jsrp": {
          "searchresult": {
            "isLoaded": true,
            "data": {
              "count": 18407,
              "next": true,
              "previous": null,
              "results": [
                {
                  "id": "16288926",
                  "jAC": false,
                  "jJT": "MERN Stack Intern (Fresher)",
                  "jRUrl": null,
                  "jRP": "9926640515",
                  "jRE": "inquiry.coderwing@gmail.com",
                  "jHCD": false,
                  "jHRPBA": true,
                  "jCName": "Coderwing Hiring For MERN Stack Intern (Fresher)",
                  "jCID": 677617,
                  "jLoc": [
                    "Indore"
                  ],
                  "jPDate": "2024-12-17T12:58:03",
                  "jCL": null,
                  "jKwd": "node.js, react.js, express.js, mongodb,",
                  "jExp": "0 Yrs",
                  "jRR": 1,
                  "jJobType": 1,
                  "jExpDate": "2025-02-15T00:00:00",
                  "is_shortlisted": false,
                  "jSlug": "mern-stack-intern-fresher/coderwing/16288926",
                  "jPJ": 0,
                  "jHJ": 0,
                  "jEType": 3,
                  "jTypeC": 1,
                  "jSLA": 0,
                  "jVanc": 10,
                  "jQL": 1,
                  "early_applicant_badge": false,
                  "jET": null,
                  "jPack": null,
                  "jSJ": [],
                  "jHF": "MERN Stack Intern (Fresher)"
                },
                {
                  "id": "16332748",
                  "jAC": false,
                  "jJT": "Support Intern",
                  "jRUrl": null,
                  "jRP": "8765243096",
                  "jRE": "sunil.kumar6@hindustantimes.com",
                  "jHCD": true,
                  "jHRPBA": true,
                  "jCName": "Internship Studio",
                  "jCID": 769865,
                  "jLoc": [
                    "Other Maharashtra",
                    "Pune"
                  ],
                  "jPDate": "2024-12-22T02:10:53",
                  "jCL": null,
                  "jKwd": "Excellent communication skills, Customercentric approach, Verbal , written communication skills, Ability to convey technical information clearly, Customerfocused mindset, Multitasking, Prioritization, Proficiency in using computer applications",
                  "jExp": "0 to 4 Yrs",
                  "jRR": 1,
                  "jJobType": 1,
                  "jExpDate": "2025-02-20T02:10:46",
                  "is_shortlisted": false,
                  "jSlug": "support-intern/internship-studio/16332748",
                  "jPJ": 0,
                  "jHJ": 1,
                  "jEType": 1,
                  "jTypeC": 1,
                  "jSLA": 0,
                  "jVanc": null,
                  "jQL": 0,
                  "early_applicant_badge": false,
                  "jET": null,
                  "jPack": null,
                  "jSJ": [],
                  "jHF": "Internship Studio",
                  "jCD": "Internship Studio",
                  "g_job_flag": true
                },
                {
                  "id": "16290435",
                  "jAC": false,
                  "jJT": "Senior Teacher in Gujarat",
                  "jRUrl": null,
                  "jRP": "8765243096",
                  "jRE": "sunil.kumar6@hindustantimes.com",
                  "jHCD": true,
                  "jHRPBA": true,
                  "jCName": "Beep - Internship \u0026 Job Alerts",
                  "jCID": 769865,
                  "jLoc": [
                    "All India"
                  ],
                  "jPDate": "2024-12-17T22:57:12",
                  "jCL": null,
                  "jKwd": "Curriculum management, Teacher support, Student assessment, Parental engagement, Administrative duties",
                  "jExp": "3 to 7 Yrs",
                  "jRR": 1,
                  "jJobType": 1,
                  "jExpDate": "2025-02-15T22:57:06",
                  "is_shortlisted": false,
                  "jSlug": "senior-teacher-in-gujarat/beep-internship-job-alerts/16290435",
                  "jPJ": 0,
                  "jHJ": 0,
                  "jEType": 1,
                  "jTypeC": 1,
                  "jSLA": 0,
                  "jVanc": null,
                  "jQL": 0,
                  "early_applicant_badge": false,
                  "jET": null,
                  "jPack": null,
                  "jSJ": [],
                  "jHF": "Beep - Internship \u0026 Job Alerts",
                  "jCD": "Beep - Internship \u0026 Job Alerts",
                  "g_job_flag": true
                },
                {
                  "id": "16303226",
                  "jAC": false,
                  "jJT": "Event Management Specialist in Mumbai, Pune",
                  "jRUrl": null,
                  "jRP": "8765243096",
                  "jRE": "sunil.kumar6@hindustantimes.com",
                  "jHCD": true,
                  "jHRPBA": true,
                  "jCName": "Beep - Internship \u0026 Job Alerts",
                  "jCID": 769865,
                  "jLoc": [
                    "Other Maharashtra",
                    "Pune"
                  ],
                  "jPDate": "2024-12-19T06:46:25",
                  "jCL": null,
                  "jKwd": "Budget Management, Event Management, Vendor Management, Relationship Management, Marketing, Collateral Management, Reporting,Profit , Loss Analysis",
                  "jExp": "2 to 6 Yrs",
                  "jRR": 1,
                  "jJobType": 1,
                  "jExpDate": "2025-02-17T06:46:20",
                  "is_shortlisted": false,
                  "jSlug": "event-management-specialist-in-mumbai-pune/beep-internship-job-alerts/16303226",
                  "jPJ": 0,
                  "jHJ": 0,
                  "jEType": 1,
                  "jTypeC": 1,
                  "jSLA": 0,
                  "jVanc": null,
                  "jQL": 0,
                  "early_applicant_badge": false,
                  "jET": null,
                  "jPack": null,
                  "jSJ": [],
                  "jHF": "Beep - Internship \u0026 Job Alerts",
                  "jCD": "Beep - Internship \u0026 Job Alerts",
                  "g_job_flag": true
                },
                {
                  "id": "16314501",
                  "jAC": false,
                  "jJT": "Multidisciplinary designer",
                  "jRUrl": null,
                  "jRP": "8765243096",
                  "jRE": "sunil.kumar6@hindustantimes.com",
                  "jHCD": true,
                  "jHRPBA": true,
                  "jCName": "Applying internship",
                  "jCID": 769865,
                  "jLoc": [
                    "Chandigarh"
                  ],
                  "jPDate": "2024-12-20T05:29:02",
                  "jCL": null,
                  "jKwd": "Adobe Creative Cloud, Communication Skills,Design Elements, Design Principles, Design Techniques, Collaboration Skills, User Experience UX Design",
                  "jExp": "0 to 4 Yrs",
                  "jRR": 1,
                  "jJobType": 1,
                  "jExpDate": "2025-02-18T05:28:56",
                  "is_shortlisted": false,
                  "jSlug": "multidisciplinary-designer/applying-internship/16314501",
                  "jPJ": 0,
                  "jHJ": 0,
                  "jEType": 1,
                  "jTypeC": 1,
                  "jSLA": 0,
                  "jVanc": null,
                  "jQL": 0,
                  "early_applicant_badge": false,
                  "jET": null,
                  "jPack": null,
                  "jSJ": [],
                  "jHF": "Applying internship",
                  "jCD": "Applying internship",
                  "g_job_flag": true
                },
                {
                  "id": "16316192",
                  "jAC": false,
                  "jJT": "UI/UX Design Internship in Mumbai, Bangalore, Pune",
                  "jRUrl": null,
                  "jRP": "8765243096",
                  "jRE": "sunil.kumar6@hindustantimes.com",
                  "jHCD": true,
                  "jHRPBA": true,
                  "jCName": "Beep - Internship \u0026 Job Alerts",
                  "jCID": 769865,
                  "jLoc": [
                    "Other Maharashtra",
                    "Pune"
                  ],
                  "jPDate": "2024-12-20T07:21:02",
                  "jCL": null,
                  "jKwd": "User research, Wireframes, Usability testing,UI designs, Prototypes, Figma, Interactive prototypes, Analyzing user feedback, UIUX design, Design trends",
                  "jExp": "0 to 4 Yrs",
                  "jRR": 1,
                  "jJobType": 1,
                  "jExpDate": "2025-02-18T07:20:56",
                  "is_shortlisted": false,
                  "jSlug": "ui-ux-design-internship-in-mumbai-bangalore-pune/beep-internship-job-alerts/16316192",
                  "jPJ": 0,
                  "jHJ": 0,
                  "jEType": 1,
                  "jTypeC": 1,
                  "jSLA": 0,
                  "jVanc": null,
                  "jQL": 0,
                  "early_applicant_badge": false,
                  "jET": null,
                  "jPack": null,
                  "jSJ": [],
                  "jHF": "Beep - Internship \u0026 Job Alerts",
                  "jCD": "Beep - Internship \u0026 Job Alerts",
                  "g_job_flag": true
                },
                {
                  "id": "16359219",
                  "jAC": false,
                  "jJT": "Relationship Manager",
                  "jRUrl": null,
                  "jRP": "8765243096",
                  "jRE": "sunil.kumar6@hindustantimes.com",
                  "jHCD": true,
                  "jHRPBA": true,
                  "jCName": "Nurturing Interns Private Limited",
                  "jCID": 769865,
                  "jLoc": [
                    "Other Madhya Pradesh",
                    "Ratlam"
                  ],
                  "jPDate": "2024-12-23T12:34:37",
                  "jCL": null,
                  "jKwd": "Client Relationship Management, Business Development, Product Promotion, Customer Service, Market Analysis, Documentation, Compliance, Reporting,Sales Targets, CrossSelling",
                  "jExp": "2 to 6 Yrs",
                  "jRR": 1,
                  "jJobType": 1,
                  "jExpDate": "2025-02-21T12:34:31",
                  "is_shortlisted": false,
                  "jSlug": "relationship-manager/nurturing-interns-private-limited/16359219",
                  "jPJ": 0,
                  "jHJ": 1,
                  "jEType": 1,
                  "jTypeC": 1,
                  "jSLA": 0,
                  "jVanc": null,
                  "jQL": 0,
                  "early_applicant_badge": false,
                  "jET": null,
                  "jPack": null,
                  "jSJ": [],
                  "jHF": "Nurturing Interns Private Limited",
                  "jCD": "Nurturing Interns Private Limited",
                  "g_job_flag": true
                },
                {
                  "id": "16034549",
                  "jAC": false,
                  "jJT": "SEO Intern",
                  "jRUrl": null,
                  "jRP": "9926640515",
                  "jRE": "inquiry.coderwing@gmail.com",
                  "jHCD": false,
                  "jHRPBA": true,
                  "jCName": "Coderwing Hiring For SEO Intern",
                  "jCID": 677617,
                  "jLoc": [
                    "Indore"
                  ],
                  "jPDate": "2024-11-25T13:09:30",
                  "jCL": null,
                  "jKwd": "off-page optimization, keyword research, seo, on page optimization,technical seo, organic traffic",
                  "jExp": "0 to 1 Yr",
                  "jRR": 1,
                  "jJobType": 1,
                  "jExpDate": "2024-12-28T00:00:00",
                  "is_shortlisted": false,
                  "jSlug": "seo-intern/coderwing/16034549",
                  "jPJ": 0,
                  "jHJ": 0,
                  "jEType": 3,
                  "jTypeC": 1,
                  "jSLA": 0,
                  "jVanc": 5,
                  "jQL": 0,
                  "early_applicant_badge": false,
                  "jET": null,
                  "jPack": null,
                  "jSJ": [],
                  "jHF": "SEO Intern"
                },
                {
                  "id": "16271306",
                  "jAC": false,
                  "jJT": "Human resources and marketing internship",
                  "jRUrl": null,
                  "jRP": "8765243096",
                  "jRE": "sunil.kumar6@hindustantimes.com",
                  "jHCD": true,
                  "jHRPBA": true,
                  "jCName": "Human resources and marketing internship",
                  "jCID": 769865,
                  "jLoc": [
                    "All India"
                  ],
                  "jPDate": "2024-12-14T05:25:59",
                  "jCL": null,
                  "jKwd": "HR,Sales  Marketing",
                  "jExp": "0 to 4 Yrs",
                  "jRR": 1,
                  "jJobType": 1,
                  "jExpDate": "2025-02-12T05:25:53",
                  "is_shortlisted": false,
                  "jSlug": "human-resources-and-marketing-internship/human-resources-and-marketing-internship/16271306",
                  "jPJ": 0,
                  "jHJ": 0,
                  "jEType": 1,
                  "jTypeC": 1,
                  "jSLA": 0,
                  "jVanc": null,
                  "jQL": 0,
                  "early_applicant_badge": false,
                  "jET": null,
                  "jPack": null,
                  "jSJ": [],
                  "jHF": "Human resources and marketing internship",
                  "jCD": "Human resources and marketing internship",
                  "g_job_flag": true
                },
                {
                  "id": "16135825",
                  "jAC": true,
                  "jJT": "Frontend Development Intern",
                  "jRUrl": null,
                  "jRP": "9926640515",
                  "jRE": "inquiry.coderwing@gmail.com",
                  "jHCD": false,
                  "jHRPBA": true,
                  "jCName": "Coderwing Hiring For Frontend Development Intern",
                  "jCID": 677617,
                  "jLoc": [
                    "Indore"
                  ],
                  "jPDate": "2024-11-12T18:07:45",
                  "jCL": null,
                  "jKwd": "javascript, react.js,react.js development intern, react.js internship, react developer intern, javascript/react intern, intern, frontend development intern",
                  "jExp": "0 Yrs",
                  "jRR": 1,
                  "jJobType": 1,
                  "jExpDate": "2025-01-11T00:00:00",
                  "is_shortlisted": false,
                  "jSlug": "frontend-development-intern/coderwing/16135825",
                  "jPJ": 0,
                  "jHJ": 0,
                  "jEType": 3,
                  "jTypeC": 1,
                  "jSLA": 0,
                  "jVanc": 7,
                  "jQL": 1,
                  "early_applicant_badge": false,
                  "jET": null,
                  "jPack": null,
                  "jSJ": [],
                  "jHF": "Frontend Development Intern"
                },
                {
                  "id": "16226449",
                  "jAC": false,
                  "jJT": "Graphic Designer in Pune",
                  "jRUrl": null,
                  "jRP": "8765243096",
                  "jRE": "sunil.kumar6@hindustantimes.com",
                  "jHCD": true,
                  "jHRPBA": true,
                  "jCName": "Beep - Internship \u0026 Job Alerts",
                  "jCID": 769865,
                  "jLoc": [
                    "Other Maharashtra",
                    "Pune"
                  ],
                  "jPDate": "2024-12-05T23:22:28",
                  "jCL": null,
                  "jKwd": "Digital media, Graphics, Web design, Social media, Analytical skills,Brand assets, Creative tasks, Marketing activities, Email campaigns",
                  "jExp": "2 to 6 Yrs",
                  "jRR": 1,
                  "jJobType": 1,
                  "jExpDate": "2025-02-03T23:22:22",
                  "is_shortlisted": false,
                  "jSlug": "graphic-designer-in-pune/beep-internship-job-alerts/16226449",
                  "jPJ": 0,
                  "jHJ": 0,
                  "jEType": 1,
                  "jTypeC": 1,
                  "jSLA": 0,
                  "jVanc": null,
                  "jQL": 0,
                  "early_applicant_badge": false,
                  "jET": null,
                  "jPack": null,
                  "jSJ": [],
                  "jHF": "Beep - Internship \u0026 Job Alerts",
                  "jCD": "Beep - Internship \u0026 Job Alerts",
                  "g_job_flag": true
                },
                {
                  "id": "16255085",
                  "jAC": false,
                  "jJT": "Business Development Associate in Pune, Surat, Bhopal, Lucknow",
                  "jRUrl": null,
                  "jRP": "8765243096",
                  "jRE": "sunil.kumar6@hindustantimes.com",
                  "jHCD": true,
                  "jHRPBA": true,
                  "jCName": "Beep - Internship \u0026 Job Alerts",
                  "jCID": 769865,
                  "jLoc": [
                    "Other Maharashtra",
                    "Pune"
                  ],
                  "jPDate": "2024-12-13T00:33:55",
                  "jCL": null,
                  "jKwd": "Direct sales, Negotiation, Client management,Building relationships, Ecommerce services",
                  "jExp": "2 to 6 Yrs",
                  "jRR": 1,
                  "jJobType": 1,
                  "jExpDate": "2025-02-11T00:33:47",
                  "is_shortlisted": false,
                  "jSlug": "business-development-associate-in-pune-surat-bhopal-lucknow/beep-internship-job-alerts/16255085",
                  "jPJ": 0,
                  "jHJ": 0,
                  "jEType": 1,
                  "jTypeC": 1,
                  "jSLA": 0,
                  "jVanc": null,
                  "jQL": 0,
                  "early_applicant_badge": false,
                  "jET": null,
                  "jPack": null,
                  "jSJ": [],
                  "jHF": "Beep - Internship \u0026 Job Alerts",
                  "jCD": "Beep - Internship \u0026 Job Alerts",
                  "g_job_flag": true
                },
                {
                  "id": "16279108",
                  "jAC": false,
                  "jJT": "Junior Teacher in Gujarat",
                  "jRUrl": null,
                  "jRP": "8765243096",
                  "jRE": "sunil.kumar6@hindustantimes.com",
                  "jHCD": true,
                  "jHRPBA": true,
                  "jCName": "Beep - Internship \u0026 Job Alerts",
                  "jCID": 769865,
                  "jLoc": [
                    "All India"
                  ],
                  "jPDate": "2024-12-15T00:43:19",
                  "jCL": null,
                  "jKwd": "Curriculum implementation, Teacher development, Student assessment, Parental involvement, Classroom environment, Administrative responsibilities",
                  "jExp": "2 to 6 Yrs",
                  "jRR": 1,
                  "jJobType": 1,
                  "jExpDate": "2025-02-13T00:43:11",
                  "is_shortlisted": false,
                  "jSlug": "junior-teacher-in-gujarat/beep-internship-job-alerts/16279108",
                  "jPJ": 0,
                  "jHJ": 0,
                  "jEType": 1,
                  "jTypeC": 1,
                  "jSLA": 0,
                  "jVanc": null,
                  "jQL": 0,
                  "early_applicant_badge": false,
                  "jET": null,
                  "jPack": null,
                  "jSJ": [],
                  "jHF": "Beep - Internship \u0026 Job Alerts",
                  "jCD": "Beep - Internship \u0026 Job Alerts",
                  "g_job_flag": true
                },
                {
                  "id": "16254819",
                  "jAC": false,
                  "jJT": "Customer Service/Customer Support Internship in Pune",
                  "jRUrl": null,
                  "jRP": "8765243096",
                  "jRE": "sunil.kumar6@hindustantimes.com",
                  "jHCD": true,
                  "jHRPBA": true,
                  "jCName": "Beep - Internship \u0026 Job Alerts",
                  "jCID": 769865,
                  "jLoc": [
                    "Other Maharashtra",
                    "Pune"
                  ],
                  "jPDate": "2024-12-13T00:21:31",
                  "jCL": null,
                  "jKwd": "Data Management, Customer interaction, Analytical skills,Customer Onboarding, Feedback Collection, CRM database management, Educational content creation",
                  "jExp": "0 to 4 Yrs",
                  "jRR": 1,
                  "jJobType": 1,
                  "jExpDate": "2025-02-11T00:21:25",
                  "is_shortlisted": false,
                  "jSlug": "customer-service-customer-support-internship-in-pune/beep-internship-job-alerts/16254819",
                  "jPJ": 0,
                  "jHJ": 0,
                  "jEType": 1,
                  "jTypeC": 1,
                  "jSLA": 0,
                  "jVanc": null,
                  "jQL": 0,
                  "early_applicant_badge": false,
                  "jET": null,
                  "jPack": null,
                  "jSJ": [],
                  "jHF": "Beep - Internship \u0026 Job Alerts",
                  "jCD": "Beep - Internship \u0026 Job Alerts",
                  "g_job_flag": true
                },
                {
                  "id": "16240435",
                  "jAC": false,
                  "jJT": "TMS Manager (POS Operations)",
                  "jRUrl": null,
                  "jRP": "8765243096",
                  "jRE": "sunil.kumar6@hindustantimes.com",
                  "jHCD": true,
                  "jHRPBA": true,
                  "jCName": "Nurturing Interns Private Limited",
                  "jCID": 769865,
                  "jLoc": [
                    "Chennai",
                    "Other Tamil Nadu"
                  ],
                  "jPDate": "2024-12-09T00:03:52",
                  "jCL": null,
                  "jKwd": "SIM,POS business process  terminal functionality knowledge, POS terminal configuration APN,  IPport,  key injection, UATProduction testing coordination, Troubleshooting  problemsolving for POS terminals, Team  stakeholder management, TMS Terminal Management System expertise, Compliance  audit adherence, Technical expertise in POS terminal functionalities , software",
                  "jExp": "8 to 12 Yrs",
                  "jRR": 1,
                  "jJobType": 1,
                  "jExpDate": "2025-02-07T00:03:43",
                  "is_shortlisted": false,
                  "jSlug": "tms-manager-pos-operations/nurturing-interns-private-limited/16240435",
                  "jPJ": 0,
                  "jHJ": 0,
                  "jEType": 1,
                  "jTypeC": 1,
                  "jSLA": 0,
                  "jVanc": null,
                  "jQL": 0,
                  "early_applicant_badge": false,
                  "jET": null,
                  "jPack": null,
                  "jSJ": [],
                  "jHF": "Nurturing Interns Private Limited",
                  "jCD": "Nurturing Interns Private Limited",
                  "g_job_flag": true
                },
                {
                  "id": "16273484",
                  "jAC": false,
                  "jJT": "Data Entry Internship in Pune",
                  "jRUrl": null,
                  "jRP": "8765243096",
                  "jRE": "sunil.kumar6@hindustantimes.com",
                  "jHCD": true,
                  "jHRPBA": true,
                  "jCName": "Beep - Internship \u0026 Job Alerts",
                  "jCID": 769865,
                  "jLoc": [
                    "Other Maharashtra",
                    "Pune"
                  ],
                  "jPDate": "2024-12-14T07:05:15",
                  "jCL": null,
                  "jKwd": "Database Management, Data Entry, Data Processing,Attention to Detail",
                  "jExp": "0 to 4 Yrs",
                  "jRR": 1,
                  "jJobType": 1,
                  "jExpDate": "2025-02-12T07:05:09",
                  "is_shortlisted": false,
                  "jSlug": "data-entry-internship-in-pune/beep-internship-job-alerts/16273484",
                  "jPJ": 0,
                  "jHJ": 0,
                  "jEType": 1,
                  "jTypeC": 1,
                  "jSLA": 0,
                  "jVanc": null,
                  "jQL": 0,
                  "early_applicant_badge": false,
                  "jET": null,
                  "jPack": null,
                  "jSJ": [],
                  "jHF": "Beep - Internship \u0026 Job Alerts",
                  "jCD": "Beep - Internship \u0026 Job Alerts",
                  "g_job_flag": true
                },
                {
                  "id": "16277366",
                  "jAC": false,
                  "jJT": "Voice Process Associate in Delhi",
                  "jRUrl": null,
                  "jRP": "8765243096",
                  "jRE": "sunil.kumar6@hindustantimes.com",
                  "jHCD": true,
                  "jHRPBA": true,
                  "jCName": "Beep - Internship \u0026 Job Alerts",
                  "jCID": 769865,
                  "jLoc": [
                    "Delhi"
                  ],
                  "jPDate": "2024-12-14T23:25:28",
                  "jCL": null,
                  "jKwd": "Lead generation, Sales, Voice process,Performance goals",
                  "jExp": "1 to 5 Yrs",
                  "jRR": 1,
                  "jJobType": 1,
                  "jExpDate": "2025-02-12T23:25:22",
                  "is_shortlisted": false,
                  "jSlug": "voice-process-associate-in-delhi/beep-internship-job-alerts/16277366",
                  "jPJ": 0,
                  "jHJ": 0,
                  "jEType": 1,
                  "jTypeC": 1,
                  "jSLA": 0,
                  "jVanc": null,
                  "jQL": 0,
                  "early_applicant_badge": false,
                  "jET": null,
                  "jPack": null,
                  "jSJ": [],
                  "jHF": "Beep - Internship \u0026 Job Alerts",
                  "jCD": "Beep - Internship \u0026 Job Alerts",
                  "g_job_flag": true
                },
                {
                  "id": "16130818",
                  "jAC": true,
                  "jJT": "Recruitment and Engagement Intern",
                  "jRUrl": null,
                  "jRP": "9926640515",
                  "jRE": "inquiry.coderwing@gmail.com",
                  "jHCD": false,
                  "jHRPBA": true,
                  "jCName": "Coderwing Hiring For Recruitment and Engagement Intern",
                  "jCID": 677617,
                  "jLoc": [
                    "Indore"
                  ],
                  "jPDate": "2024-11-12T08:06:11",
                  "jCL": null,
                  "jKwd": "talent acquisition, hr generalist activities,recruitment process, candidate sourcing",
                  "jExp": "0 Yrs",
                  "jRR": 1,
                  "jJobType": 1,
                  "jExpDate": "2025-01-10T00:00:00",
                  "is_shortlisted": false,
                  "jSlug": "recruitment-and-engagement-intern/coderwing/16130818",
                  "jPJ": 0,
                  "jHJ": 0,
                  "jEType": 3,
                  "jTypeC": 1,
                  "jSLA": 0,
                  "jVanc": 5,
                  "jQL": 1,
                  "early_applicant_badge": false,
                  "jET": null,
                  "jPack": null,
                  "jSJ": [],
                  "jHF": "Recruitment and Engagement Intern"
                },
                {
                  "id": "16174366",
                  "jAC": false,
                  "jJT": "Business Development Associate in Lucknow, Pune, Surat, Bhopal",
                  "jRUrl": null,
                  "jRP": "8765243096",
                  "jRE": "sunil.kumar6@hindustantimes.com",
                  "jHCD": true,
                  "jHRPBA": true,
                  "jCName": "Beep - Internship \u0026 Job Alerts",
                  "jCID": 769865,
                  "jLoc": [
                    "Other Maharashtra",
                    "Pune"
                  ],
                  "jPDate": "2024-11-21T01:59:13",
                  "jCL": null,
                  "jKwd": "Direct sales, Negotiation, Client management,Building relationships, Ecommerce services",
                  "jExp": "2 to 6 Yrs",
                  "jRR": 1,
                  "jJobType": 1,
                  "jExpDate": "2025-01-20T01:59:06",
                  "is_shortlisted": false,
                  "jSlug": "business-development-associate-in-lucknow-pune-surat-bhopal/beep-internship-job-alerts/16174366",
                  "jPJ": 0,
                  "jHJ": 0,
                  "jEType": 1,
                  "jTypeC": 1,
                  "jSLA": 0,
                  "jVanc": null,
                  "jQL": 0,
                  "early_applicant_badge": false,
                  "jET": null,
                  "jPack": null,
                  "jSJ": [],
                  "jHF": "Beep - Internship \u0026 Job Alerts",
                  "jCD": "Beep - Internship \u0026 Job Alerts",
                  "g_job_flag": true
                },
                {
                  "id": "16087049",
                  "jAC": false,
                  "jJT": "Business Development (Sales) Internship in Bangalore",
                  "jRUrl": null,
                  "jRP": "8765243096",
                  "jRE": "sunil.kumar6@hindustantimes.com",
                  "jHCD": true,
                  "jHRPBA": true,
                  "jCName": "SKill Intern Pvt Ltd",
                  "jCID": 769865,
                  "jLoc": [
                    "Other Karnataka"
                  ],
                  "jPDate": "2024-11-04T05:41:23",
                  "jCL": null,
                  "jKwd": "Market Research, Digital Marketing, Sales, Data Analysis, Client Communication, Stakeholder Management,",
                  "jExp": "0 to 4 Yrs",
                  "jRR": 1,
                  "jJobType": 1,
                  "jExpDate": "2025-01-03T05:41:16",
                  "is_shortlisted": false,
                  "jSlug": "business-development-sales-internship-in-bangalore/skill-intern-pvt-ltd/16087049",
                  "jPJ": 0,
                  "jHJ": 0,
                  "jEType": 1,
                  "jTypeC": 1,
                  "jSLA": 0,
                  "jVanc": null,
                  "jQL": 0,
                  "early_applicant_badge": false,
                  "jET": null,
                  "jPack": null,
                  "jSJ": [],
                  "jHF": "SKill Intern Pvt Ltd",
                  "jCD": "SKill Intern Pvt Ltd",
                  "g_job_flag": true
                }
              ],
              "spelling_suggestion": null,
              "query": {
                "ind": "",
                "ind_name": "Others",
                "minsal": "",
                "minexp": "",
                "area": "",
                "area_name": "Others",
                "loc": "",
                "q": "intern",
                "sort": ""
              },
              "num_pages": 921,
              "page": 1,
              "show_top_company_filter": true,
              "breadcrumbs": [
                {
                  "title": "Intern Jobs",
                  "url": "/job-search/intern"
                }
              ],
              "canonical_url": "intern-jobs",
              "related_links_data": {
                "Delhi": [
                  [
                    [
                      "Admin jobs in delhi",
                      "admin-jobs-in-delhi"
                    ],
                    [
                      "Management intern jobs in delhi",
                      "management-intern-jobs-in-delhi"
                    ],
                    [
                      "Hr intern jobs in delhi",
                      "hr-intern-jobs-in-delhi"
                    ],
                    [
                      "Bpo executive jobs in delhi",
                      "bpo-executive-jobs-in-delhi"
                    ],
                    [
                      "Coordinator jobs in delhi",
                      "coordinator-jobs-in-delhi"
                    ]
                  ]
                ],
                "Mumbai": [
                  [
                    [
                      "Admin jobs in mumbai",
                      "admin-jobs-in-mumbai"
                    ],
                    [
                      "Management intern jobs in mumbai",
                      "management-intern-jobs-in-mumbai"
                    ],
                    [
                      "Hr intern jobs in mumbai",
                      "hr-intern-jobs-in-mumbai"
                    ],
                    [
                      "Bpo executive jobs in mumbai",
                      "bpo-executive-jobs-in-mumbai"
                    ],
                    [
                      "Coordinator jobs in mumbai",
                      "coordinator-jobs-in-mumbai"
                    ]
                  ]
                ],
                "Chennai": [
                  [
                    [
                      "Admin jobs in chennai",
                      "admin-jobs-in-chennai"
                    ],
                    [
                      "Management intern jobs in chennai",
                      "management-intern-jobs-in-chennai"
                    ],
                    [
                      "Hr intern jobs in chennai",
                      "hr-intern-jobs-in-chennai"
                    ],
                    [
                      "Bpo executive jobs in chennai",
                      "bpo-executive-jobs-in-chennai"
                    ],
                    [
                      "Coordinator jobs in chennai",
                      "coordinator-jobs-in-chennai"
                    ]
                  ]
                ],
                "Bangalore": [
                  [
                    [
                      "Admin jobs in bangalore",
                      "admin-jobs-in-bangalore"
                    ],
                    [
                      "Management intern jobs in bangalore",
                      "management-intern-jobs-in-bangalore"
                    ],
                    [
                      "Hr intern jobs in bangalore",
                      "hr-intern-jobs-in-bangalore"
                    ],
                    [
                      "Bpo executive jobs in bangalore",
                      "bpo-executive-jobs-in-bangalore"
                    ],
                    [
                      "Coordinator jobs in bangalore",
                      "coordinator-jobs-in-bangalore"
                    ]
                  ]
                ],
                "Pune": [
                  [
                    [
                      "Admin jobs in pune",
                      "admin-jobs-in-pune"
                    ],
                    [
                      "Management intern jobs in pune",
                      "management-intern-jobs-in-pune"
                    ],
                    [
                      "Hr intern jobs in pune",
                      "hr-intern-jobs-in-pune"
                    ],
                    [
                      "Bpo executive jobs in pune",
                      "bpo-executive-jobs-in-pune"
                    ],
                    [
                      "Coordinator jobs in pune",
                      "coordinator-jobs-in-pune"
                    ]
                  ]
                ],
                "Hyderabad": [
                  [
                    [
                      "Admin jobs in hyderabad",
                      "admin-jobs-in-hyderabad"
                    ],
                    [
                      "Management intern jobs in hyderabad",
                      "management-intern-jobs-in-hyderabad"
                    ],
                    [
                      "Hr intern jobs in hyderabad",
                      "hr-intern-jobs-in-hyderabad"
                    ],
                    [
                      "Bpo executive jobs in hyderabad",
                      "bpo-executive-jobs-in-hyderabad"
                    ],
                    [
                      "Coordinator jobs in hyderabad",
                      "coordinator-jobs-in-hyderabad"
                    ]
                  ]
                ],
                "Ahmedabad": [
                  [
                    [
                      "Admin jobs in ahmedabad",
                      "admin-jobs-in-ahmedabad"
                    ],
                    [
                      "Management intern jobs in ahmedabad",
                      "management-intern-jobs-in-ahmedabad"
                    ],
                    [
                      "Hr intern jobs in ahmedabad",
                      "hr-intern-jobs-in-ahmedabad"
                    ],
                    [
                      "Bpo executive jobs in ahmedabad",
                      "bpo-executive-jobs-in-ahmedabad"
                    ],
                    [
                      "Coordinator jobs in ahmedabad",
                      "coordinator-jobs-in-ahmedabad"
                    ]
                  ]
                ],
                "Kolkata": [
                  [
                    [
                      "Admin jobs in kolkata",
                      "admin-jobs-in-kolkata"
                    ],
                    [
                      "Management intern jobs in kolkata",
                      "management-intern-jobs-in-kolkata"
                    ],
                    [
                      "Hr intern jobs in kolkata",
                      "hr-intern-jobs-in-kolkata"
                    ],
                    [
                      "Bpo executive jobs in kolkata",
                      "bpo-executive-jobs-in-kolkata"
                    ],
                    [
                      "Coordinator jobs in kolkata",
                      "coordinator-jobs-in-kolkata"
                    ]
                  ]
                ],
                "Gurgaon": [
                  [
                    [
                      "Admin jobs in gurgaon",
                      "admin-jobs-in-gurgaon"
                    ],
                    [
                      "Management intern jobs in gurgaon",
                      "management-intern-jobs-in-gurgaon"
                    ],
                    [
                      "Hr intern jobs in gurgaon",
                      "hr-intern-jobs-in-gurgaon"
                    ],
                    [
                      "Bpo executive jobs in gurgaon",
                      "bpo-executive-jobs-in-gurgaon"
                    ],
                    [
                      "Coordinator jobs in gurgaon",
                      "coordinator-jobs-in-gurgaon"
                    ]
                  ]
                ],
                "Noida": [
                  [
                    [
                      "Admin jobs in noida",
                      "admin-jobs-in-noida"
                    ],
                    [
                      "Management intern jobs in noida",
                      "management-intern-jobs-in-noida"
                    ],
                    [
                      "Hr intern jobs in noida",
                      "hr-intern-jobs-in-noida"
                    ],
                    [
                      "Bpo executive jobs in noida",
                      "bpo-executive-jobs-in-noida"
                    ],
                    [
                      "Coordinator jobs in noida",
                      "coordinator-jobs-in-noida"
                    ]
                  ]
                ],
                "Chandigarh": [
                  [
                    [
                      "Admin jobs in chandigarh",
                      "admin-jobs-in-chandigarh"
                    ],
                    [
                      "Management intern jobs in chandigarh",
                      "management-intern-jobs-in-chandigarh"
                    ],
                    [
                      "Hr intern jobs in chandigarh",
                      "hr-intern-jobs-in-chandigarh"
                    ],
                    [
                      "Bpo executive jobs in chandigarh",
                      "bpo-executive-jobs-in-chandigarh"
                    ],
                    [
                      "Coordinator jobs in chandigarh",
                      "coordinator-jobs-in-chandigarh"
                    ]
                  ]
                ]
              },
              "interlinking_data": {
                "keyword_interlinking_data": [],
                "related_interlinking_data": {
                  "Top Skills": [
                    [
                      [
                        "Work from Home Jobs",
                        "work-from-home-jobs"
                      ],
                      [
                        "Freelance Jobs",
                        "freelance-jobs"
                      ],
                      [
                        "Online Jobs",
                        "online-jobs"
                      ],
                      [
                        "Fresher Jobs",
                        "fresher-jobs"
                      ],
                      [
                        "Part Time Jobs",
                        "part-time-jobs"
                      ],
                      [
                        "Remote Jobs",
                        "remote-jobs"
                      ],
                      [
                        "Data Entry Jobs",
                        "data-entry-jobs"
                      ],
                      [
                        "Banking Jobs",
                        "banking-jobs"
                      ],
                      [
                        "Civil Engineering Jobs",
                        "civil-engineering-jobs"
                      ],
                      [
                        "Content Writing Jobs",
                        "content-writing-jobs"
                      ],
                      [
                        "Sales Job",
                        "sales-job"
                      ],
                      [
                        "Marketing Jobs",
                        "marketing-jobs"
                      ],
                      [
                        "Networking Jobs",
                        "networking-jobs"
                      ],
                      [
                        "Accounting Jobs",
                        "accounting-jobs"
                      ]
                    ]
                  ],
                  "Top Companies": [
                    [
                      [
                        "Tech mahindra Jobs",
                        "tech-mahindra-jobs"
                      ],
                      [
                        "Infosys Jobs",
                        "infosys-jobs"
                      ],
                      [
                        "ICICI Bank Jobs",
                        "icici-bank-jobs"
                      ],
                      [
                        "Capgemini Jobs",
                        "capgemini-jobs"
                      ],
                      [
                        "Cognizant Jobs",
                        "cognizant-jobs"
                      ],
                      [
                        "Amazon Jobs",
                        "amazon-jobs"
                      ],
                      [
                        "Flipkart Jobs",
                        "flipkart-jobs"
                      ],
                      [
                        "CSB Bank Jobs",
                        "csb-bank-jobs"
                      ],
                      [
                        "Kotak Mahindra Jobs",
                        "kotak-mahindra-jobs"
                      ],
                      [
                        "LTIMindtree Jobs",
                        "ltimindtree-jobs"
                      ],
                      [
                        "NTT Data Jobs",
                        "ntt-data-jobs"
                      ],
                      [
                        "Quess Corp Jobs",
                        "quess-corp-jobs"
                      ],
                      [
                        "Wipro Jobs",
                        "wipro-jobs"
                      ]
                    ]
                  ]
                }
              },
              "seo_tags": {
                "head_tag_prefix": "1-20 of 18407",
                "title_tag": "18,407 Intern Jobs - Intern Job Openings in Dec 2024 - Shine.com",
                "des_tag": "Apply to Intern Job Openings on Shine.com . Explore 18,407 Intern Job Vacancies in top companies of your desired location. Register free and get the latest Intern Jobs Alerts Now!",
                "head_tag": "Intern Jobs"
              },
              "atf": false,
              "learning_products": {
                "t_id": "676a3d2b1c44091f276c6581",
                "tracking_data": "{\"trigger_point\": 1, \"u_id\": null}"
              },
              "application_highlighter_product_id": 4117,
              "btf": {},
              "live-blog": {
                "crossLinking": false,
                "slug": "intern-jobs"
              },
              "new_search": true,
              "location_relaxed": false,
              "one_location_zero_job": false,
              "one_skill_zero_job": false,
              "one_skill_zero_job_with_company": false
            }
          },
          "jobdetail": {
            "isLoaded": true,
            "data": {
              "count": 1,
              "next": null,
              "previous": null,
              "results": [
                {
                  "id": "16288926",
                  "jAC": false,
                  "jInd": "IT Services \u0026 Consulting",
                  "jJT": "MERN Stack Intern (Fresher)",
                  "jRUrl": null,
                  "jRP": "9926640515",
                  "jRE": "inquiry.coderwing@gmail.com",
                  "jCD": "\u003cp\u003e\u003cstrong\u003eMXPERTZ, a modern consulting firm assisting various industries across the globe in meeting their routine business challenges through right expert resource fulfillment. We just not aim to come up for a temporary solution for businesses but over an above, suggest to implement permanent solutions to help businesses for easy expansion decisions. Our team of experts leverages businesses to become scalable, competent and sustained for achieving better business prospects and higher returns over their investments.\u003c/strong\u003e\u003cbr /\u003e \u003cbr /\u003e\u003cstrong\u003eIncorporated in the year 2015 with clear aim to provide excellence to our clients through our experts advises. We help different industries by our IT and Non-IT experts skills to increase business profit earnings through economy efforts.\u003c/strong\u003e\u003c/p\u003e",
                  "jHCD": false,
                  "jHRPBA": true,
                  "jCName": "Coderwing Hiring For MERN Stack Intern (Fresher)",
                  "jSal": "[Salary Hidden]",
                  "jSalMinID": 3,
                  "jSalMaxID": 4,
                  "jCID": 677617,
                  "jJD": "\u003ch2 class=\"css-1kgsqoe e1tiznh50\"\u003eJob description\u003c/h2\u003e\r\n\r\n\r\n\r\n\r\n\u003cp\u003e\u003cstrong\u003eCompany:\u003c/strong\u003e\u003cspan\u003e\u0026nbsp;\u003c/span\u003eCoderWing\u003cbr /\u003e\u003cstrong\u003eLocation:\u003c/strong\u003e\u003cspan\u003e\u0026nbsp;\u003c/span\u003eIndore, Madhya Pradesh\u003cbr /\u003e\u003cstrong\u003eStart Date:\u003c/strong\u003e\u003cspan\u003e\u0026nbsp;\u003c/span\u003eImmediate\u003c/p\u003e\r\n\u003cp\u003eAt\u003cspan\u003e\u0026nbsp;\u003c/span\u003e\u003cstrong\u003eCoderWing\u003c/strong\u003e, we're a growing tech company with a focus on innovative software solutions. We are looking for a passionate and dedicated\u003cspan\u003e\u0026nbsp;\u003c/span\u003e\u003cstrong\u003eMERN Stack Intern\u003c/strong\u003e\u003cspan\u003e\u0026nbsp;\u003c/span\u003eto join our dynamic team. If you're eager to learn, grow, and get hands-on experience with cutting-edge technologies, this is the perfect opportunity for you!\u003c/p\u003e\r\n\u003cp\u003e\u003cstrong\u003eWhat You'll Do:\u003c/strong\u003e\u003c/p\u003e\r\n\u003cul\u003e\r\n\u003cli\u003eAssist in the development of web applications using the MERN stack (MongoDB, Express.js, React, Node.js).\u003c/li\u003e\r\n\u003cli\u003eCollaborate with senior developers to implement new features and functionality.\u003c/li\u003e\r\n\u003cli\u003eWrite clean, scalable, and efficient code.\u003c/li\u003e\r\n\u003cli\u003eDebug and troubleshoot application issues.\u003c/li\u003e\r\n\u003cli\u003eParticipate in code reviews and learn best practices.\u003c/li\u003e\r\n\u003cli\u003eContribute to the improvement of our web applications.\u003c/li\u003e\r\n\u003c/ul\u003e\r\n\u003cp\u003e\u003cstrong\u003eWhat We're Looking For:\u003c/strong\u003e\u003c/p\u003e\r\n\u003cul\u003e\r\n\u003cli\u003eBasic understanding of web development concepts.\u003c/li\u003e\r\n\u003cli\u003eFamiliarity with the MERN stack (MongoDB, Express.js, React.js, Node.js).\u003c/li\u003e\r\n\u003cli\u003eKnowledge of JavaScript, HTML, and CSS.\u003c/li\u003e\r\n\u003cli\u003ePassion for coding and eagerness to learn.\u003c/li\u003e\r\n\u003cli\u003eGood problem-solving skills.\u003c/li\u003e\r\n\u003cli\u003eStrong communication skills and the ability to work collaboratively in a team.\u003c/li\u003e\r\n\u003c/ul\u003e\r\n\u003cp\u003e\u003cstrong\u003ePreferred Qualifications:\u003c/strong\u003e\u003c/p\u003e\r\n\u003cul\u003e\r\n\u003cli\u003ePrevious experience or personal projects using the MERN stack.\u003c/li\u003e\r\n\u003cli\u003eUnderstanding of version control systems (Git).\u003c/li\u003e\r\n\u003cli\u003eKnowledge of RESTful APIs and backend development.\u003c/li\u003e\r\n\u003c/ul\u003e\r\n\u003cp\u003e\u003cstrong\u003eWhy CoderWing \u003c/strong\u003e\u003c/p\u003e\r\n\u003cul\u003e\r\n\u003cli\u003eGain hands-on experience with the MERN stack and modern web technologies.\u003c/li\u003e\r\n\u003cli\u003eWork in a collaborative and growth-oriented environment.\u003c/li\u003e\r\n\u003cli\u003eMentorship from experienced developers.\u003c/li\u003e\r\n\u003cli\u003eFlexible working hours and a supportive work culture.\u003c/li\u003e\r\n\u003c/ul\u003e\r\n\u003cp\u003e\u003cstrong\u003eHow to Apply:\u003c/strong\u003e\u003cspan\u003e\u0026nbsp;\u003c/span\u003eSend your resume to\u003cspan\u003e\u0026nbsp;\u003c/span\u003e\u003cstrong\u003einquiry.coderwing@gmail.com\u003c/strong\u003e\u003cspan\u003e\u0026nbsp;\u003c/span\u003eor drop your CV at\u003cspan\u003e\u0026nbsp;\u003c/span\u003e\u003cstrong\u003e9926640515\u003c/strong\u003e\u003cspan\u003e\u0026nbsp;\u003c/span\u003evia WhatsApp.\u003c/p\u003e\r\n\r\n\r\n\r\n\u003cp class=\"jd-description-text\"\u003eJob Type: Internship\u003c/p\u003e\r\n\u003cp class=\"jd-description-text\"\u003eContract length: 3 months\u003c/p\u003e\r\n\r\n\r\n\u003cp class=\"x_xmsonormal\"\u003e\u0026nbsp;\u003c/p\u003e\r\n\r\n\u003cp class=\"jd-header-text\"\u003eSchedule:\u003c/p\u003e\r\n\u003cp class=\"x_xmsonormal\"\u003e\u0026nbsp;\u003c/p\u003e\u003cul\u003e\r\n\u003cli\u003eDay shif\u003c/li\u003e\r\n\u003c/ul\u003e\r\n\r\n\r\n\u003cp class=\"x_xmsonormal\"\u003e\u0026nbsp;\u003c/p\u003e\r\n\r\n\u003cp class=\"jd-description-text\"\u003eWork Location: In person\u003c/p\u003e\r\n\r\n\r\n\r\n\u003cp class=\"x_xmsonormal\"\u003e\u0026nbsp;\u003c/p\u003e",
                  "jLoc": [
                    "Indore"
                  ],
                  "jPDate": "2024-12-17T12:58:03",
                  "jCL": null,
                  "jKwd": "node.js, react.js, express.js, mongodb,",
                  "jArea": [
                    "General / Other Software",
                    "IT Operations / EDP / MIS"
                  ],
                  "jExp": "0 Yrs",
                  "jKwds": "node.js, react.js, express.js, mongodb",
                  "jRR": 1,
                  "jJobType": 1,
                  "jWLC": "",
                  "jExpDate": "2025-02-15T00:00:00",
                  "is_shortlisted": false,
                  "jSlug": "mern-stack-intern-fresher/coderwing/16288926",
                  "jPJ": 0,
                  "jHJ": 0,
                  "jEType": 3,
                  "jTypeC": 1,
                  "jCRW": 0,
                  "jSLA": 0,
                  "jVanc": 10,
                  "jQL": 1,
                  "jET": null,
                  "jPack": null,
                  "jSJ": [],
                  "jHF": "MERN Stack Intern (Fresher)",
                  "jTag": [
                    "expressjs",
                    "software development",
                    "back end developer",
                    "nodejs",
                    "engineering - software \u0026 qa"
                  ],
                  "j_loc_state": [
                    {
                      "loc": "Indore",
                      "state": "Madhya Pradesh"
                    }
                  ],
                  "min_salary": "100000",
                  "max_salary": "150000",
                  "early_applicant_badge": false,
                  "jJDM": "\u003ch2 class=\"css-1kgsqoe e1tiznh50\"\u003eJob description\u003c/h2\u003e\r\n\r\n\r\n\r\n\r\n\u003cp\u003e\u003cstrong\u003eCompany:\u003c/strong\u003e\u003cspan\u003e\u0026nbsp;\u003c/span\u003eCoderWing\u003cbr /\u003e\u003cstrong\u003eLocation:\u003c/strong\u003e\u003cspan\u003e\u0026nbsp;\u003c/span\u003eIndore, Madhya Pradesh\u003cbr /\u003e\u003cstrong\u003eStart Date:\u003c/strong\u003e\u003cspan\u003e\u0026nbsp;\u003c/span\u003eImmediate\u003c/p\u003e\r\n\u003cp\u003eAt\u003cspan\u003e\u0026nbsp;\u003c/span\u003e\u003cstrong\u003eCoderWing\u003c/strong\u003e, we're a growing tech company with a focus on innovative software solutions. We are looking for a passionate and dedicated\u003cspan\u003e\u0026nbsp;\u003c/span\u003e\u003cstrong\u003eMERN Stack Intern\u003c/strong\u003e\u003cspan\u003e\u0026nbsp;\u003c/span\u003eto join our dynamic team. If you're eager to learn, grow, and get hands-on experience with cutting-edge technologies, this is the perfect opportunity for you!\u003c/p\u003e\r\n\u003cp\u003e\u003cstrong\u003eWhat You'll Do:\u003c/strong\u003e\u003c/p\u003e\r\n\u003cul\u003e\r\n\u003cli\u003eAssist in the development of web applications using the MERN stack (MongoDB, Express.js, React, Node.js).\u003c/li\u003e\r\n\u003cli\u003eCollaborate with senior developers to implement new features and functionality.\u003c/li\u003e\r\n\u003cli\u003eWrite clean, scalable, and efficient code.\u003c/li\u003e\r\n\u003cli\u003eDebug and troubleshoot application issues.\u003c/li\u003e\r\n\u003cli\u003eParticipate in code reviews and learn best practices.\u003c/li\u003e\r\n\u003cli\u003eContribute to the improvement of our web applications.\u003c/li\u003e\r\n\u003c/ul\u003e\r\n\u003cp\u003e\u003cstrong\u003eWhat We're Looking For:\u003c/strong\u003e\u003c/p\u003e\r\n\u003cul\u003e\r\n\u003cli\u003eBasic understanding of web development concepts.\u003c/li\u003e\r\n\u003cli\u003eFamiliarity with the MERN stack (MongoDB, Express.js, React.js, Node.js).\u003c/li\u003e\r\n\u003cli\u003eKnowledge of JavaScript, HTML, and CSS.\u003c/li\u003e\r\n\u003cli\u003ePassion for coding and eagerness to learn.\u003c/li\u003e\r\n\u003cli\u003eGood problem-solving skills.\u003c/li\u003e\r\n\u003cli\u003eStrong communication skills and the ability to work collaboratively in a team.\u003c/li\u003e\r\n\u003c/ul\u003e\r\n\u003cp\u003e\u003cstrong\u003ePreferred Qualifications:\u003c/strong\u003e\u003c/p\u003e\r\n\u003cul\u003e\r\n\u003cli\u003ePrevious experience or personal projects using the MERN stack.\u003c/li\u003e\r\n\u003cli\u003eUnderstanding of version control systems (Git).\u003c/li\u003e\r\n\u003cli\u003eKnowledge of RESTful APIs and backend development.\u003c/li\u003e\r\n\u003c/ul\u003e\r\n\u003cp\u003e\u003cstrong\u003eWhy CoderWing \u003c/strong\u003e\u003c/p\u003e\r\n\u003cul\u003e\r\n\u003cli\u003eGain hands-on experience with the MERN stack and modern web technologies.\u003c/li\u003e\r\n\u003cli\u003eWork in a collaborative and growth-oriented environment.\u003c/li\u003e\r\n\u003cli\u003eMentorship from experienced developers.\u003c/li\u003e\r\n\u003cli\u003eFlexible working hours and a supportive work culture.\u003c/li\u003e\r\n\u003c/ul\u003e\r\n\u003cp\u003e\u003cstrong\u003eHow to Apply:\u003c/strong\u003e\u003cspan\u003e\u0026nbsp;\u003c/span\u003eSend your resume to\u003cspan\u003e\u0026nbsp;\u003c/span\u003e\u003cstrong\u003einquiry.coderwing@gmail.com\u003c/strong\u003e\u003cspan\u003e\u0026nbsp;\u003c/span\u003eor drop your CV at\u003cspan\u003e\u0026nbsp;\u003c/span\u003e\u003cstrong\u003e\u003cem class=\"true-italic\"\u003ehidden_mobile\u003c/em\u003e\u003c/strong\u003e\u003cspan\u003e\u0026nbsp;\u003c/span\u003evia WhatsApp.\u003c/p\u003e\r\n\r\n\r\n\r\n\u003cp class=\"jd-description-text\"\u003eJob Type: Internship\u003c/p\u003e\r\n\u003cp class=\"jd-description-text\"\u003eContract length: 3 months\u003c/p\u003e\r\n\r\n\r\n\u003cp class=\"x_xmsonormal\"\u003e\u0026nbsp;\u003c/p\u003e\r\n\r\n\u003cp class=\"jd-header-text\"\u003eSchedule:\u003c/p\u003e\r\n\u003cp class=\"x_xmsonormal\"\u003e\u0026nbsp;\u003c/p\u003e\u003cul\u003e\r\n\u003cli\u003eDay shif\u003c/li\u003e\r\n\u003c/ul\u003e\r\n\r\n\r\n\u003cp class=\"x_xmsonormal\"\u003e\u0026nbsp;\u003c/p\u003e\r\n\r\n\u003cp class=\"jd-description-text\"\u003eWork Location: In person\u003c/p\u003e\r\n\r\n\r\n\r\n\u003cp class=\"x_xmsonormal\"\u003e\u0026nbsp;\u003c/p\u003e",
                  "jCDM": null,
                  "job_keywords": [
                    {
                      "node.js": true
                    },
                    {
                      "react.js": true
                    },
                    {
                      "express.js": true
                    },
                    {
                      "mongodb": true
                    }
                  ],
                  "L4": [],
                  "L5": [],
                  "L3": [
                    "software development",
                    "back end developer"
                  ],
                  "breadcrumb": "software development"
                }
              ],
              "application_insights": {
                "job_apply_count": "23"
              }
            }
          }
        },
        "auth": {
          "user": {},
          "isLoggedIn": false,
          "isLoaded": false
        },
        "updateFlow": {
          "jsrp": {},
          "preApply": {},
          "jd": {},
          "jfy": {}
        },
        "questionnaire": {
          "questionList": [],
          "isLoaded": false
        },
        "cart": {},
        "learning": {
          "aspireSeniorRoles": {},
          "latestBlogs": {},
          "premiumServices": {}
        },
        "jobsForYou": {
          "recommendedPageData": {},
          "savedPageData": {},
          "appliedPageData": {},
          "alertJobsData": {}
        },
        "connect": {
          "data": null,
          "count": null,
          "ridSidData": []
        },
        "blogPage": {
          "BlogPageData": {
            "isLoaded": false,
            "data": null
          },
          "BlogCategoryData": null,
          "NavigationData": null,
          "blogNavigationLinks": [
            {
              "name": "Leave Application Letter for Office: Format and Examples",
              "url": "/blog/how-to-write-leave-application-for-office-samples",
              "new_icon": false,
              "visibility": true
            },
            {
              "name": "Marriage Leave Application: Format, Samples, Email \u0026 Tips",
              "url": "/blog/marriage-leave-application",
              "new_icon": false,
              "visibility": true
            },
            {
              "name": "What is a Relieving Letter With (Format, Tips, \u0026 Samples)",
              "url": "/blog/relieving-letter",
              "new_icon": false,
              "visibility": true
            },
            {
              "name": "Appointment Letter Format, Tips, and Samples",
              "url": "/blog/appointment-letter",
              "new_icon": false,
              "visibility": true
            },
            {
              "name": "Emergency Leave Application Letter: How to Write and Samples",
              "url": "/blog/emergency-leave-application",
              "new_icon": false,
              "visibility": true
            },
            {
              "name": "10+ BPO Interview Questions and Answers",
              "url": "/blog/10-commonly-asked-questions-in-a-bpo-interview",
              "new_icon": false,
              "visibility": true
            },
            {
              "name": "Experience Letter Format: Importance, Samples and Examples",
              "url": "/blog/experience-letter-with-examples",
              "new_icon": false,
              "visibility": true
            },
            {
              "name": "Communication Barriers \u0026 How to Overcome",
              "url": "/blog/communication-barriers-and-how-to-overcome-them",
              "new_icon": false,
              "visibility": true
            },
            {
              "name": "Sick Leave Email For Office? How to Write With Samples",
              "url": "/blog/sick-leave-mail",
              "new_icon": false,
              "visibility": true
            },
            {
              "name": "How to Write Casual Leave Application For Office",
              "url": "/blog/casual-leave-application",
              "new_icon": false,
              "visibility": true
            },
            {
              "name": "Reschedule a Job Interview over an Email: How to Write and Samples",
              "url": "/blog/reschedule-a-job-interview-over-email",
              "new_icon": false,
              "visibility": true
            },
            {
              "name": "What is Biodata?",
              "url": "/blog/biodata",
              "new_icon": false,
              "visibility": true
            },
            {
              "name": "Scope of Management: Importance, Planning, and Nature",
              "url": "/blog/scope-of-management",
              "new_icon": false,
              "visibility": true
            },
            {
              "name": "Top 10 career choices for freshers",
              "url": "/blog/career-choices-for-freshers",
              "new_icon": false,
              "visibility": true
            },
            {
              "name": "Top 10 Highest-Paying Jobs in Agriculture",
              "url": "/blog/highest-paying-jobs-in-agriculture",
              "new_icon": false,
              "visibility": true
            }
          ],
          "jobNavigationLinks": [
            {
              "name": "Work From Home Jobs In Ethiopia",
              "url": "/job-search/work-from-home-jobs-in-ethiopia",
              "new_icon": false,
              "visibility": true
            },
            {
              "name": "Work From Home Jobs",
              "url": "/job-search/work-from-home-jobs",
              "new_icon": false,
              "visibility": true
            },
            {
              "name": "Online Work From Home Jobs In Ludhiana",
              "url": "/job-search/online-work-from-home-jobs-in-ludhiana",
              "new_icon": false,
              "visibility": true
            },
            {
              "name": "Central Government Typing Jobs",
              "url": "/job-search/central-government-typing-jobs",
              "new_icon": false,
              "visibility": true
            },
            {
              "name": "Fresher Jobs",
              "url": "/job-search/fresher-jobs",
              "new_icon": false,
              "visibility": true
            },
            {
              "name": "Fresher Work From Home Mobile Jobs",
              "url": "/job-search/fresher-work-from-home-mobile-jobs",
              "new_icon": false,
              "visibility": true
            },
            {
              "name": "Work From Home Jobs In Uganda",
              "url": "/job-search/work-from-home-jobs-in-uganda",
              "new_icon": false,
              "visibility": true
            },
            {
              "name": "Work From Home Jobs In Gulbarga",
              "url": "/job-search/work-from-home-jobs-in-gulbarga",
              "new_icon": false,
              "visibility": true
            },
            {
              "name": "Review Jobs",
              "url": "/job-search/review-jobs",
              "new_icon": false,
              "visibility": true
            },
            {
              "name": "Handwriting Work From Home Jobs",
              "url": "/job-search/handwriting-work-from-home-jobs",
              "new_icon": false,
              "visibility": true
            },
            {
              "name": "Typing Jobs",
              "url": "/job-search/typing-jobs",
              "new_icon": false,
              "visibility": true
            },
            {
              "name": "Data Entry Jobs",
              "url": "/job-search/data-entry-jobs",
              "new_icon": false,
              "visibility": true
            },
            {
              "name": "Data Entry Work From Home Jobs In Bangladesh",
              "url": "/job-search/data-entry-work-from-home-jobs-in-bangladesh",
              "new_icon": false,
              "visibility": true
            },
            {
              "name": "Work From Home Jobs In Tata Motors",
              "url": "/job-search/work-from-home-jobs-in-tata-motors",
              "new_icon": false,
              "visibility": true
            },
            {
              "name": "Typing Jobs In Sri Lanka",
              "url": "/job-search/typing-jobs-in-sri-lanka",
              "new_icon": false,
              "visibility": true
            },
            {
              "name": "Work From Home Jobs In Namakkal",
              "url": "/job-search/work-from-home-jobs-in-namakkal",
              "new_icon": false,
              "visibility": true
            },
            {
              "name": "Online Work From Home Jobs In Ghaziabad",
              "url": "/job-search/online-work-from-home-jobs-in-ghaziabad",
              "new_icon": false,
              "visibility": true
            },
            {
              "name": "Hbk Qatar Jobs",
              "url": "/job-search/hbk-qatar-jobs",
              "new_icon": false,
              "visibility": true
            },
            {
              "name": "Work From Home Jobs In Bellary",
              "url": "/job-search/work-from-home-jobs-in-bellary",
              "new_icon": false,
              "visibility": true
            },
            {
              "name": "Part Time Online Jobs In Tamil Nadu",
              "url": "/job-search/part-time-online-jobs-in-tamil-nadu",
              "new_icon": false,
              "visibility": true
            }
          ]
        },
        "trendingSearch": {
          "trendingDetails": {},
          "loader": true
        },
        "resume": {
          "resumeData": null
        },
        "hallOfFame": {
          "hofDetails": {}
        },
        "successStories": {
          "successStories": []
        }
      }
    },
    "initialState": {
      "profile": {
        "data": {},
        "isLoaded": false,
        "show": false
      },
      "jsrp": {
        "searchresult": {},
        "jobdetail": {}
      },
      "auth": {
        "user": {},
        "isLoggedIn": false,
        "isLoaded": false
      },
      "updateFlow": {
        "jsrp": {},
        "preApply": {},
        "jd": {},
        "jfy": {}
      },
      "questionnaire": {
        "questionList": [],
        "isLoaded": false
      },
      "cart": {},
      "learning": {
        "aspireSeniorRoles": {},
        "latestBlogs": {},
        "premiumServices": {}
      },
      "jobsForYou": {
        "recommendedPageData": {},
        "savedPageData": {},
        "appliedPageData": {},
        "alertJobsData": {}
      },
      "connect": {
        "data": null,
        "count": null,
        "ridSidData": []
      },
      "blogPage": {
        "BlogPageData": {
          "isLoaded": false,
          "data": null
        },
        "BlogCategoryData": null,
        "NavigationData": null,
        "blogNavigationLinks": [
          {
            "name": "Leave Application Letter for Office: Format and Examples",
            "url": "/blog/how-to-write-leave-application-for-office-samples",
            "new_icon": false,
            "visibility": true
          },
          {
            "name": "Marriage Leave Application: Format, Samples, Email \u0026 Tips",
            "url": "/blog/marriage-leave-application",
            "new_icon": false,
            "visibility": true
          },
          {
            "name": "What is a Relieving Letter With (Format, Tips, \u0026 Samples)",
            "url": "/blog/relieving-letter",
            "new_icon": false,
            "visibility": true
          },
          {
            "name": "Appointment Letter Format, Tips, and Samples",
            "url": "/blog/appointment-letter",
            "new_icon": false,
            "visibility": true
          },
          {
            "name": "Emergency Leave Application Letter: How to Write and Samples",
            "url": "/blog/emergency-leave-application",
            "new_icon": false,
            "visibility": true
          },
          {
            "name": "10+ BPO Interview Questions and Answers",
            "url": "/blog/10-commonly-asked-questions-in-a-bpo-interview",
            "new_icon": false,
            "visibility": true
          },
          {
            "name": "Experience Letter Format: Importance, Samples and Examples",
            "url": "/blog/experience-letter-with-examples",
            "new_icon": false,
            "visibility": true
          },
          {
            "name": "Communication Barriers \u0026 How to Overcome",
            "url": "/blog/communication-barriers-and-how-to-overcome-them",
            "new_icon": false,
            "visibility": true
          },
          {
            "name": "Sick Leave Email For Office? How to Write With Samples",
            "url": "/blog/sick-leave-mail",
            "new_icon": false,
            "visibility": true
          },
          {
            "name": "How to Write Casual Leave Application For Office",
            "url": "/blog/casual-leave-application",
            "new_icon": false,
            "visibility": true
          },
          {
            "name": "Reschedule a Job Interview over an Email: How to Write and Samples",
            "url": "/blog/reschedule-a-job-interview-over-email",
            "new_icon": false,
            "visibility": true
          },
          {
            "name": "What is Biodata?",
            "url": "/blog/biodata",
            "new_icon": false,
            "visibility": true
          },
          {
            "name": "Scope of Management: Importance, Planning, and Nature",
            "url": "/blog/scope-of-management",
            "new_icon": false,
            "visibility": true
          },
          {
            "name": "Top 10 career choices for freshers",
            "url": "/blog/career-choices-for-freshers",
            "new_icon": false,
            "visibility": true
          },
          {
            "name": "Top 10 Highest-Paying Jobs in Agriculture",
            "url": "/blog/highest-paying-jobs-in-agriculture",
            "new_icon": false,
            "visibility": true
          }
        ],
        "jobNavigationLinks": [
          {
            "name": "Work From Home Jobs In Ethiopia",
            "url": "/job-search/work-from-home-jobs-in-ethiopia",
            "new_icon": false,
            "visibility": true
          },
          {
            "name": "Work From Home Jobs",
            "url": "/job-search/work-from-home-jobs",
            "new_icon": false,
            "visibility": true
          },
          {
            "name": "Online Work From Home Jobs In Ludhiana",
            "url": "/job-search/online-work-from-home-jobs-in-ludhiana",
            "new_icon": false,
            "visibility": true
          },
          {
            "name": "Central Government Typing Jobs",
            "url": "/job-search/central-government-typing-jobs",
            "new_icon": false,
            "visibility": true
          },
          {
            "name": "Fresher Jobs",
            "url": "/job-search/fresher-jobs",
            "new_icon": false,
            "visibility": true
          },
          {
            "name": "Fresher Work From Home Mobile Jobs",
            "url": "/job-search/fresher-work-from-home-mobile-jobs",
            "new_icon": false,
            "visibility": true
          },
          {
            "name": "Work From Home Jobs In Uganda",
            "url": "/job-search/work-from-home-jobs-in-uganda",
            "new_icon": false,
            "visibility": true
          },
          {
            "name": "Work From Home Jobs In Gulbarga",
            "url": "/job-search/work-from-home-jobs-in-gulbarga",
            "new_icon": false,
            "visibility": true
          },
          {
            "name": "Review Jobs",
            "url": "/job-search/review-jobs",
            "new_icon": false,
            "visibility": true
          },
          {
            "name": "Handwriting Work From Home Jobs",
            "url": "/job-search/handwriting-work-from-home-jobs",
            "new_icon": false,
            "visibility": true
          },
          {
            "name": "Typing Jobs",
            "url": "/job-search/typing-jobs",
            "new_icon": false,
            "visibility": true
          },
          {
            "name": "Data Entry Jobs",
            "url": "/job-search/data-entry-jobs",
            "new_icon": false,
            "visibility": true
          },
          {
            "name": "Data Entry Work From Home Jobs In Bangladesh",
            "url": "/job-search/data-entry-work-from-home-jobs-in-bangladesh",
            "new_icon": false,
            "visibility": true
          },
          {
            "name": "Work From Home Jobs In Tata Motors",
            "url": "/job-search/work-from-home-jobs-in-tata-motors",
            "new_icon": false,
            "visibility": true
          },
          {
            "name": "Typing Jobs In Sri Lanka",
            "url": "/job-search/typing-jobs-in-sri-lanka",
            "new_icon": false,
            "visibility": true
          },
          {
            "name": "Work From Home Jobs In Namakkal",
            "url": "/job-search/work-from-home-jobs-in-namakkal",
            "new_icon": false,
            "visibility": true
          },
          {
            "name": "Online Work From Home Jobs In Ghaziabad",
            "url": "/job-search/online-work-from-home-jobs-in-ghaziabad",
            "new_icon": false,
            "visibility": true
          },
          {
            "name": "Hbk Qatar Jobs",
            "url": "/job-search/hbk-qatar-jobs",
            "new_icon": false,
            "visibility": true
          },
          {
            "name": "Work From Home Jobs In Bellary",
            "url": "/job-search/work-from-home-jobs-in-bellary",
            "new_icon": false,
            "visibility": true
          },
          {
            "name": "Part Time Online Jobs In Tamil Nadu",
            "url": "/job-search/part-time-online-jobs-in-tamil-nadu",
            "new_icon": false,
            "visibility": true
          }
        ]
      },
      "trendingSearch": {
        "trendingDetails": {},
        "loader": true
      },
      "resume": {
        "resumeData": null
      },
      "hallOfFame": {
        "hofDetails": {}
      },
      "successStories": {
        "successStories": []
      }
    },
    "__N_SSP": true
  },
  "page": "/job-search/[searchquery]",
  "query": {
    "q": "intern",
    "searchquery": "intern-jobs"
  },
  "buildId": "2gwNeK5n-1Ys3TGnIz9IG",
  "isFallback": false,
  "dynamicIds": [
    25992,
    28177,
    68092,
    61189,
    59023,
    14308,
    56064,
    39763,
    29732,
    22964,
    80740,
    28158,
    12886,
    12814,
    98858,
    89860,
    66029,
    48675,
    35605,
    874,
    46592,
    77122,
    70241,
    64113,
    22529,
    23359,
    47337,
    56035,
    92893,
    13831,
    47898
  ],
  "gssp": true,
  "appGip": true,
  "scriptLoader": []
}