[{"platform": "Linkedin", "platform_link": "https://www.linkedin.com/", "company": "Kreativstorm", "company_link": "https://www.linkedin.com/company/kreativstorm/life", "job_title": "Software Engineer - Intern (Remote Internship - IT)", "location": "Not Found", "posted_on": "3 days ago as per the 2024-12-23 16:49:15", "applicant": "Over 100 applicants", "job_link": "https://www.linkedin.com/jobs//jobs/view/4105794212/?alternateChannel=search&refId=AupPOg8Bcpho3R%2FQyopGLQ%3D%3D&trackingId=1CBQ8T%2BJLXJ1BjvdWhqnVg%3D%3D&trk=d_flagship3_search_srp_jobs", "experience_level": "Not Found", "duration": "Not Found", "job_description": "About the job Embark on an exciting journey into software engineering with an exclusive internship opportunity offered by Kreativstorm, a dynamic and innovative management-consulting firm based in Berlin, Germany. Work remotely with our multinational team and advance your career in software engineering! If you're passionate about software development and have strong problem-solving skills, this internship is perfect for you. Under the mentorship of industry experts, you'll work on diverse software engineering projects, exploring concepts like system design, algorithm development, coding, and debugging. Gain hands-on experience in building robust and scalable software solutions, all from the comfort of your home. Internship Overview and Details: Location: Fully Remote Schedule: Part-Time Internship Duration: 3 months with the possibility of permanent employment after the internship period Requirements Ideal Candidates: Students pursuing a degree or recent graduates in Computer Science, Information Technology, or a related field. Aspiring software engineers with a strong interest in software development. Analytical thinkers adept at solving complex programming challenges. Effective communicators who thrive in collaborative team environments. Detail-oriented individuals excelling in fast-paced, technical settings. Enthusiastic learners committed to refining their software engineering skills. Proficiency in programming languages such as Java, C++, Python, or JavaScript is highly valued. Familiarity with software development lifecycle and best practices advantageous. Some initial industry experience is a big plus. Your Role: Contribute to software engineering projects, writing clean and efficient code. Collaborate with the development team to design and implement software solutions. Assist in debugging, testing, and optimizing software applications. Bring innovative solutions to software development challenges. Foster a collaborative team environment focused on excellence in software engineering. Support in documenting and presenting software design and solutions. Benefits Why Join Us? Kreativstorm is a dynamic and innovative management-consulting firm headquartered in Berlin, Germany. Our team of experienced consultants brings a diverse range of talents and backgrounds, allowing us to provide tailored solutions to businesses of all sizes and industries. As part of the Yes Network Group, LLC, a reputable US holding company, we have access to extensive resources and expertise. Join us and start your journey in software engineering today! Apply now and pave the way for your future in software engineering!"}, {"platform": "Linkedin", "platform_link": "https://www.linkedin.com/", "company": "REAN WATERTECH", "company_link": "https://www.linkedin.com/company/rean-watertech/life", "job_title": "Tech Intern (MERN)", "location": "Not Found", "posted_on": "1 week ago as per the 2024-12-23 16:49:26", "applicant": "40 applicants", "job_link": "https://www.linkedin.com/jobs//jobs/view/4099719314/?alternateChannel=search&refId=AupPOg8Bcpho3R%2FQyopGLQ%3D%3D&trackingId=nOcOl6S22b8MQQ7SGgOpbQ%3D%3D&trk=d_flagship3_search_srp_jobs", "experience_level": "Not Found", "duration": "Not Found", "job_description": "About the job Location Jodhpur, Rajasthan | Remote Responsibilities Working closely with the tech team to develop user-friendly MERN applications Qualifications B.Tech. (Computer Science)/ BCA/ MCA Experience Fresher"}, {"platform": "Linkedin", "platform_link": "https://www.linkedin.com/", "company": "Siemens Energy", "company_link": "https://www.linkedin.com/company/siemens-energy/life", "job_title": "Intern - Electrical Engineer", "location": "Not Found", "posted_on": "4 days ago as per the 2024-12-23 16:49:31", "applicant": "Over 100 applicants", "job_link": "https://www.linkedin.com/jobs//jobs/view/4104073080/?alternateChannel=search&refId=AupPOg8Bcpho3R%2FQyopGLQ%3D%3D&trackingId=phj6UzMrQbIO3JZvonWfqg%3D%3D&trk=d_flagship3_search_srp_jobs", "experience_level": "Not Found", "duration": "Not Found", "job_description": "About the job How You\u2019ll Make An Impact Assist the technical team in preparing documentation. Collect data from the Middle East (ME) region. Engage in basic level planning. Coordinate activities between different ME regions. Compile and analyze data. Contribute to the preparation of proposals. What You Bring Bachelors degree in Electrical Engineering or related Excellent written and verbal communication skills. Proficiency in preparing PowerPoint presentations, and strong skills in MS Word and Excel. A strong willingness to learn and grow. A positive attitude and a growth-oriented mindset. Who is Siemens Energy? At Siemens Energy, we are more than just an energy technology company. With ~100,000 dedicated employees in more than 90 countries, we develop the energy systems of the future, ensuring that the growing energy demand of the global community is met reliably and sustainably. The technologies created in our research departments and factories drive the energy transition and provide the base for one sixth of the world's electricity generation. Our global team is committed to making sustainable, reliable, and affordable energy a reality by pushing the boundaries of what is possible. We uphold a 150-year legacy of innovation that encourages our search for people who will support our focus on decarbonization, new technologies, and energy transformation. Find out how you can make a difference at Siemens Energy: https://www.siemens-energy.com/employeevideo Our Commitment to Diversity Lucky for us, we are not all the same. Through diversity we generate power. We run on inclusion and our combined creative energy is fueled by over 130 nationalities. Siemens Energy celebrates character \u2013 no matter what ethnic background, gender, age, religion, identity, or disability. We energize society, all of society, and we do not discriminate based on our differences"}, {"platform": "Linkedin", "platform_link": "https://www.linkedin.com/", "company": "Khichad Technologies", "company_link": "https://www.linkedin.com/company/khichadtechnologies/life", "job_title": "Graphic Designer intern & Video Editor Intern", "location": "Not Found", "posted_on": "1 hour ago as per the 2024-12-23 16:49:36", "applicant": "0 applicants", "job_link": "https://www.linkedin.com/jobs//jobs/view/3914549621/?alternateChannel=search&refId=AupPOg8Bcpho3R%2FQyopGLQ%3D%3D&trackingId=96bkbMIfrmhPVafYUlYibw%3D%3D&trk=d_flagship3_search_srp_jobs", "experience_level": "Not Found", "duration": "Not Found", "job_description": "About the job Are you a creative enthusiast looking to sharpen your skills in graphic design and video editing? Join Khichad Technologies Pvt. Ltd. as an Intern and gain hands-on experience in a dynamic and innovative environment. What You\u2019ll Do: Collaborate with the marketing team to create compelling graphics for digital campaigns, social media, and websites. Edit engaging videos for promotional materials, advertisements, and client projects. Assist in brainstorming and developing creative content ideas. Ensure all visuals align with the company\u2019s brand guidelines and objectives. Stay updated with the latest trends in design and video editing. Who We\u2019re Looking For: Proficiency in graphic design tools like Adobe Photoshop, Adobe Illustrator, CorelDRAW, and InDesign. Expertise in video editing software such as Adobe Premiere Pro, Final Cut Pro, DaVinci Resolve, After Effects, or similar tools. Familiarity with prototyping tools like Figma, Sketch, or Adobe XD is a plus. Strong creativity, attention to detail, and a keen eye for aesthetics. Excellent communication and teamwork skills. A passion for design and storytelling through visuals. Why Join Us? Gain real-world experience in the tech industry. Work on exciting projects with a talented team. Build a portfolio that showcases your skills. Opportunity to learn and grow with industry experts. Duration: 5-6 months Stipend: Competitive stipend offered based on skills and performance."}, {"platform": "Linkedin", "platform_link": "https://www.linkedin.com/", "company": "dubizzle", "company_link": "https://www.linkedin.com/company/dubizzle-com/life", "job_title": "Data Analyst - Intern", "location": "Not Found", "posted_on": "3 days ago as per the 2024-12-23 16:49:43", "applicant": "Over 100 applicants", "job_link": "https://www.linkedin.com/jobs//jobs/view/4104293808/?alternateChannel=search&refId=AupPOg8Bcpho3R%2FQyopGLQ%3D%3D&trackingId=IcBNcfKJQtWKW4avkelnjA%3D%3D&trk=d_flagship3_search_srp_jobs", "experience_level": "Not Found", "duration": "Not Found", "job_description": "About the job Bayut & dubizzle have the unique distinction of being iconic, homegrown brands with a strong presence across the seven emirates in the UAE. Connecting millions of users across the country, we are committed to delivering the best online search experience. As part of Dubizzle Group, we are alongside some of the strongest classified brands in the market. With a collective strength of 5 brands, we have more than 123 million monthly users that trust in our dedication to providing them with the best platform for their needs. As a Data Analyst - Intern, you will be in a central position as you will be evangelising data and our methodologies to other functional analysts and other stakeholders in the company. You will have close interaction with teams in marketing, sales, finance, and product. You will work in a fast-paced environment that is professional, international and entrepreneurial. In this role, you will: Access data, construct and manipulate large datasets to support planned analyses using SQL, Python and similar tools Design and develop BI dashboards using Sisense or similar tools (Tableau, PowerBI, DataStudio) for various organisational metrics and indicators using best practices and industry standards in finance, sales, inventory, and other areas Help with defining KPIs metrics and drive the data governance through standardisation and communication; Develop analysis and reporting capabilities; monitor performance and quality control plans to identify improvements Adept at queries, report writing and presenting findings Research and validate entity data using appropriate internal and external data sources Liaise and analyse across projects within the Reference Data environment Analyzing, specifying, testing and implementing interfaces, workflow solutions, and reference data solutions - An example would be regression testing systems ahead of upgrades Participate in the design, implementation and interpret experiments/trials for continuous refinement of ongoing strategies Requirements Bachelor's degree in statistics, mathematics, computer science, or related field Proficient in SQL Proficient in Microsoft Excel. Knowledge of statistics and experience using statistical packages for analyzing datasets (Excel, SPSS, SAS, etc.) Excellent verbal and written communication. Strong problem solving skills Benefits Ability to contribute to a platform used by more than 5M users in UAE and other platforms in the region Strengthen your resume and build your network Opportunity to find a full time career with the region's leading organization Working in a multicultural environment with over 50 different nationalities Access to the Learning & Development tools and courses provided by the company Bayut & dubizzle is an equal opportunity employer. We celebrate diversity and are committed to creating an inclusive environment for all employees. #dubizzle"}]