[{"platform": "Naukari", "platform_link": "https://www.naukri.com/", "company": "Silent Infotech", "company_link": "https://www.naukri.com/silent-infotech-jobs-careers-2765202", "job_title": "Jr HR recruiter and executive", "job_link": "https://www.naukri.com/job-listings-jr-hr-recruiter-and-executive-silent-infotech-ahmedabad-0-to-1-years-091224008796", "location": "Worldwide", "JobType": "Internship", "duration": "6 months duration", "Salary": "10,000/month", "last_date_application": "Apply by : 27th Dec'24", "posted_on": "14 days ago as per the 2024-12-23 16:59:16 or None", "applicant": "64", "opening": "10", "job_description": "[bold] Role & responsibilities Role & responsibilities \n Manage all HR activities, including recruitment, employee relations, compensation & benefits, performance management, and compliance. \n [bold] Preferred candidate profile Preferred candidate profile \n Excellent verbal and written communication skills, including presentation skills. Detail-oriented with strong analytical and time management skills. Proven ability to meet deadlines and effectively multitask. \n"}]