[
  {
    "page1": [
      {
        "job_role": "Data Analyst Intern",
        "company": "Galytix Analytics Pvt. Ltd.",
        "salary_text": "Not disclosed",
        "experience_text": "0 Years",
        "a_tag_texts": [
          "Gurgaon"
        ],
        "posted_on": "23 Dec 24",
        "description": "Job Description: \n A\u00a0Data\u00a0Analyst Intern assists us in processing, analysing and synthesising information related to the Insurance and financial markets globally. Together with senior leaders of the firm you will: Identify, analyse and interpret patterns from\u00a0data\u00a0sets using statistical methods. Acquiring\u00a0data\u00a0from internal as well as secondary\u00a0data\u00a0sources. Cleaning and filtering\u00a0data, assessing\u00a0data\u00a0quality and create concise end product. Over time, you will be expected to contribute to the further development of our team by coaching less experienced colleagues. \n Key Role Requirements: \n Strong excel knowledge Good communication skills \n Other details: \n Internship duration - 6 months This is an in-office\u00a0internship \n More information about this Data Analyst Intern Job \n \n Please go through the below FAQs to get all answers related to the given Data Analyst Intern job \n \n What are the job requirements to apply for this Data Analyst Intern job position? \n Ans: A candidate must have a minimum of fresher as an Data Analyst Intern \n What is the qualification for this job? \n Ans: The candidate can be a Graduate from any of the following:  B.Com, BCA, BE/B.Tech, BSc, CS \n What is the hiring Process of this job? \n Ans: The hiring process all depends on the company. Normally for an entry level, hiring the candidate has to go for Aptitude, GD (If they look for communication),Technical test and face to face interviews. \n This Data Analyst Intern is a work from home job? Ans:  No ,its not a Work from Home Job. \n How many job vacancies are opening for the Data Analyst Intern position? \n Ans: There are immediate 40 job openings for Data Analyst Intern in our Organisation. \n"
      },
      {
        "job_role": "Mechanical Engineer",
        "company": "NEOMETRIX DEFENCE LIMITED",
        "salary_text": "17500 - 25000 Monthly",
        "experience_text": "0 to 3+ Years",
        "a_tag_texts": [
          "Noida"
        ],
        "posted_on": "22 Dec 24",
        "description": "Hiring: Mechanical Engineer \n 0-10yrs years of experience. \n WALK IN Date: Every Saturday & Sunday. 08:30 AM - 3:30 PM. (Come on Saturday or Sunday) \n \n The company works for Defence Forces and manufactures high technology machines. The company is headed by an IIT Kanpur & IIT Delhi graduates. \n You are invited for Written Test, GD and face to face Interview. \n Company is looking for BRIGHT engineers, who live (or are ready to shift) nearby (near Sector-63 Noida). \n Company offers great learning environment along with good salary packages. The work environment is tough and only hard working candidates should apply. \n Role: Mechanical Engineer. \n We require Bright Mechanical Engineer. \n Minimum 60% all through. It is core engineering company hence good command on engineering is a must. \n Core Engineering Job. We design & manufacture machines for Defence Aviation Industry. We need engineers who can design & build these high technology machines. \n We also require DIPLOMA/ITI & Engineers on our shop floor and as our Service department where they have to manufacture & maintain our machines supplied to various Air Force locations. \n You need to serve the company for minimum 3 years. Company has a compulsory BOND for 3 Years. \n You should be sure that you will do only JOB and will not be engaged in any preparation for any exams. 100% commitment to JOB is required. \n Salary (CTC) : For B. Tech Fresher company offers 2.5 Lakh CTC. Salary Negotiable and based on your competence MATRIX. \n Additional Benefits:- Company offers Lunch in Factory at subsidized rates. If your profile/ offer suits your criterion, kindly give us suitable dates to conduct the recruitment which consists of basic written test (30 min) and two rounds. \n You may call\u00a0or visit  for more details. \n \n More information about this Mechanical Engineer Job \n \n Please go through the below FAQs to get all answers related to the given Mechanical Engineer job \n \n What are the job requirements to apply for this Mechanical Engineer job position? \n Ans: A candidate must have a minimum of 0 to 3+ year experience as an Mechanical Engineer \n What is the qualification for this job? \n Ans: The candidate can be a Graduate from any of the following:  BE/B.Tech, ME/M.Tech \n What are the salary requirements for this job? \n Ans: The salary range is between 17500 and 25000 Monthly. The Salary will depend on the interview. This Mechanical Engineer is a Full Time in Noida. \n What is the hiring Process of this job? \n Ans: The hiring process all depends on the company. Normally for an entry level, hiring the candidate has to go for Aptitude, GD (If they look for communication),Technical test and face to face interviews. \n This Mechanical Engineer is a work from home job? Ans:  No ,its not a Work from Home Job. \n How many job vacancies are opening for the Mechanical Engineer position? \n Ans: There are immediate 1 job openings for Mechanical Engineer in our Organisation. \n"
      },
      {
        "job_role": "Technical Sales Engineer",
        "company": "SETCO SPINDLES INDIA PVT LTD",
        "salary_text": "18000 - 25000 Monthly",
        "experience_text": "0 Years",
        "a_tag_texts": [
          "Chennai"
        ],
        "posted_on": "20 Dec 24",
        "description": "Responsibilities: Deliver technical presentations and product demonstrations to potential customers Understand customer requirements and provide tailored solutions Collaborate with the sales team to develop and execute sales strategies Build and maintain strong relationships with customers Provide technical support and guidance to customers during the sales process Stay up-to-date with industry trends and competitors' offerings \n Qualifications: Bachelor's degree in Engineering or a related field Proven experience in technical sales or a similar role Strong technical background and knowledge of engineering principles Excellent communication and presentation skills Ability to understand customer needs and propose effective solutions Strong negotiation and problem-solving skills Ability to travel to customer sites as needed \n More information about this Technical Sales Engineer Job \n \n Please go through the below FAQs to get all answers related to the given Technical Sales Engineer job \n \n What are the job requirements to apply for this Technical Sales Engineer job position? \n Ans: A candidate must have a minimum of fresher as an Technical Sales Engineer \n What is the qualification for this job? \n Ans: The candidate can be a Graduate from any of the following:  BE/B.Tech \n What are the salary requirements for this job? \n Ans: The salary range is between 18000 and 25000 Monthly. The Salary will depend on the interview. This Technical Sales Engineer is a Full Time in Chennai. \n What is the hiring Process of this job? \n Ans: The hiring process all depends on the company. Normally for an entry level, hiring the candidate has to go for Aptitude, GD (If they look for communication),Technical test and face to face interviews. \n This Technical Sales Engineer is a work from home job? Ans:  No ,its not a Work from Home Job. \n How many job vacancies are opening for the Technical Sales Engineer position? \n Ans: There are immediate 1 job openings for Technical Sales Engineer in our Organisation. \n"
      },
      {
        "job_role": "Data Entry",
        "company": "U ARE Jeweltaire Lifestyle Private Limited",
        "salary_text": "Not disclosed",
        "experience_text": "0 Years",
        "a_tag_texts": [
          "Mumbai"
        ],
        "posted_on": "24 Dec 24",
        "description": "[heading] Selected intern's day-to-day responsibilities include: Selected intern's day-to-day responsibilities include: \n \n 1. Product Listing: Accurately enter and update product details on Shopify, including descriptions, images, and pricing \n 2. Data Verification: Regularly review and verify data for consistency and accuracy \n 3. Order Management: Efficiently process and record customer orders, ensuring accuracy and timeliness \n 4. Maintain strict confidentiality when handling sensitive information, upholding the company's privacy policies and guidelines \n 5. Continuously improve data entry techniques and update knowledge in MS-Excel to maximize efficiency and productivity \n [heading] Skill(s) required Skill(s) required English Proficiency (Spoken) English Proficiency (Written) MS-Excel [heading] Who can apply Who can apply Only those candidates can apply who: 1. are available for full time (in-office) internship 2.\u00a0 have relevant skills and interests * Women wanting to start/restart their career can also apply. [heading] Perks Perks Certificate Letter of recommendation Informal dress code [heading] Number of openings Number of openings 2 [heading]  \n More information about this Data Entry Job \n \n Please go through the below FAQs to get all answers related to the given Data Entry job \n \n What are the job requirements to apply for this Data Entry job position? \n Ans: A candidate must have a minimum of fresher as an Data Entry \n What is the qualification for this job? \n Ans: The candidate can be a Graduate from any of the following:  B.Com, BA \n What is the hiring Process of this job? \n Ans: The hiring process all depends on the company. Normally for an entry level, hiring the candidate has to go for Aptitude, GD (If they look for communication),Technical test and face to face interviews. \n This Data Entry is a work from home job? Ans:  No ,its not a Work from Home Job. \n How many job vacancies are opening for the Data Entry position? \n Ans: There are immediate 2 job openings for Data Entry in our Organisation. \n"
      },
      {
        "job_role": "Graphic Design",
        "company": "Digibaapp",
        "salary_text": "Not disclosed",
        "experience_text": "0 Years",
        "a_tag_texts": [
          "Mumbai"
        ],
        "posted_on": "24 Dec 24",
        "description": "[heading] Selected intern's day-to-day responsibilities include: Selected intern's day-to-day responsibilities include: \n \n 1. Create social media creatives \n 2. Make designs using Canva [heading] Skill(s) required Skill(s) required Adobe Photoshop Canva [heading] Who can apply Who can apply Only those candidates can apply who: 1. are available for full time (in-office) internship 2.\u00a0 have relevant skills and interests [heading] Perks Perks Certificate Letter of recommendation Informal dress code Job offer [heading] Number of openings Number of openings 1 [heading]  \n More information about this Graphic Design Job \n \n Please go through the below FAQs to get all answers related to the given Graphic Design job \n \n What are the job requirements to apply for this Graphic Design job position? \n Ans: A candidate must have a minimum of fresher as an Graphic Design \n What is the qualification for this job? \n Ans: The candidate can be a Graduate from any of the following:  B.Design, BFA \n What is the hiring Process of this job? \n Ans: The hiring process all depends on the company. Normally for an entry level, hiring the candidate has to go for Aptitude, GD (If they look for communication),Technical test and face to face interviews. \n This Graphic Design is a work from home job? Ans:  No ,its not a Work from Home Job. \n How many job vacancies are opening for the Graphic Design position? \n Ans: There are immediate 1 job openings for Graphic Design in our Organisation. \n"
      },
      {
        "job_role": "Data Entry",
        "company": "Aon India Insurance Brokers Private Limited",
        "salary_text": "Not disclosed",
        "experience_text": "0 Years",
        "a_tag_texts": [
          "Mumbai"
        ],
        "posted_on": "24 Dec 24",
        "description": "[heading] Selected intern's day-to-day responsibilities include: Selected intern's day-to-day responsibilities include: \n \n 1. Generate timely and accurate reports for analysis \n 2. Handle the back-end operations \n 3. Gather, analyze, and sort a variety of data and convert them into reports \n 4. Work on MIS reporting by using MS Excel at the operational level \n [heading] Skill(s) required Skill(s) required English Proficiency (Spoken) English Proficiency (Written) MS-Excel MS-Office [heading] Who can apply Who can apply Only those candidates can apply who: 1. are available for full time (in-office) internship 2.\u00a0 have relevant skills and interests * Women wanting to start/restart their career can also apply. [heading] Perks Perks 5 days a week [heading] Number of openings Number of openings 2 [heading]  \n More information about this Data Entry Job \n \n Please go through the below FAQs to get all answers related to the given Data Entry job \n \n What are the job requirements to apply for this Data Entry job position? \n Ans: A candidate must have a minimum of fresher as an Data Entry \n What is the qualification for this job? \n Ans: The candidate can be a Graduate from any of the following:  B.Com, BA \n What is the hiring Process of this job? \n Ans: The hiring process all depends on the company. Normally for an entry level, hiring the candidate has to go for Aptitude, GD (If they look for communication),Technical test and face to face interviews. \n This Data Entry is a work from home job? Ans:  No ,its not a Work from Home Job. \n How many job vacancies are opening for the Data Entry position? \n Ans: There are immediate 2 job openings for Data Entry in our Organisation. \n"
      },
      {
        "job_role": "Event Management",
        "company": "E-Emphasys",
        "salary_text": "Not disclosed",
        "experience_text": "0 Years",
        "a_tag_texts": [
          "Mumbai"
        ],
        "posted_on": "24 Dec 24",
        "description": "[heading] Selected intern's day-to-day responsibilities include: Selected intern's day-to-day responsibilities include: \n \n 1. Assist full-time staff with day-to-day operations and event planning. \n 2. Assist and coordinate with the vendor outreach. \n 3. Responsible for customer logistics and their stay in Mumbai. \n 4. Need to be available for end-to-end customer support when they are in Mumbai. \n \n Qualifications: \n 1. Must possess a good understanding of Mumbai's history and geography. \n 2. Organizational skills to manage multiple tasks, attention to detail, and the ability to prioritize in a changing environment and still meet deadlines. \n 3. Dynamic self-starter who takes initiative, highly reliable. \n 4. Strong verbal and written communication skills; interpersonal and follow- up skills. \n 5. Ability to work independently and as part of a team. [heading] Skill(s) required Skill(s) required English Proficiency (Spoken) English Proficiency (Written) Event Management [heading] Who can apply Who can apply Only those candidates can apply who: 1. are available for full time (in-office) internship 2.\u00a0 have relevant skills and interests [heading] Perks Perks Letter of recommendation [heading] Number of openings Number of openings 4 [heading]  \n More information about this Event Management Job \n \n Please go through the below FAQs to get all answers related to the given Event Management job \n \n What are the job requirements to apply for this Event Management job position? \n Ans: A candidate must have a minimum of fresher as an Event Management \n What is the qualification for this job? \n Ans: The candidate can be a Graduate from any of the following:  BA, BFA \n What is the hiring Process of this job? \n Ans: The hiring process all depends on the company. Normally for an entry level, hiring the candidate has to go for Aptitude, GD (If they look for communication),Technical test and face to face interviews. \n This Event Management is a work from home job? Ans:  No ,its not a Work from Home Job. \n How many job vacancies are opening for the Event Management position? \n Ans: There are immediate 4 job openings for Event Management in our Organisation. \n"
      },
      {
        "job_role": "Database Building/Management",
        "company": "Ankita Pest Management Private Limited",
        "salary_text": "Not disclosed",
        "experience_text": "0 Years",
        "a_tag_texts": [
          "Mumbai"
        ],
        "posted_on": "24 Dec 24",
        "description": "[heading] Selected intern's day-to-day responsibilities include: Selected intern's day-to-day responsibilities include: \n \n 1. Work on Excel \n 2. Market research \n 3. Generate leads from social media platforms [heading] Skill(s) required Skill(s) required Digital Marketing Marketing MS-Excel [heading] Who can apply Who can apply Only those candidates can apply who: 1. are available for the part time job/internship 2. have relevant skills and interests [heading] Perks Perks Certificate [heading] Number of openings Number of openings 5 [heading]  \n More information about this Database Building/Management Job \n \n Please go through the below FAQs to get all answers related to the given Database Building/Management job \n \n What are the job requirements to apply for this Database Building/Management job position? \n Ans: A candidate must have a minimum of fresher as an Database Building/Management \n What is the qualification for this job? \n Ans: The candidate can be a Graduate from any of the following:  B.Com, BA, BBA/BBM \n What is the hiring Process of this job? \n Ans: The hiring process all depends on the company. Normally for an entry level, hiring the candidate has to go for Aptitude, GD (If they look for communication),Technical test and face to face interviews. \n This Database Building/Management is a work from home job? Ans:  No ,its not a Work from Home Job. \n How many job vacancies are opening for the Database Building/Management position? \n Ans: There are immediate 5 job openings for Database Building/Management in our Organisation. \n"
      },
      {
        "job_role": "Telecalling",
        "company": "Envision Overseas Education Consultants",
        "salary_text": "Not disclosed",
        "experience_text": "0 Years",
        "a_tag_texts": [
          "Mumbai"
        ],
        "posted_on": "24 Dec 24",
        "description": "[heading] Selected intern's day-to-day responsibilities include demonstrating effective communication skills and handling multiple tasks simultaneously. Selected intern's day-to-day responsibilities include demonstrating effective communication skills and handling multiple tasks simultaneously. \n \n Requirements: Communication skills [heading] Skill(s) required Skill(s) required English Proficiency (Spoken) English Proficiency (Written) [heading] Who can apply Who can apply Only those candidates can apply who: 1. are available for full time (in-office) internship 2.\u00a0 have relevant skills and interests * Women wanting to start/restart their career can also apply. [heading] Number of openings Number of openings 10 [heading]  \n More information about this Telecalling Job \n \n Please go through the below FAQs to get all answers related to the given Telecalling job \n \n What are the job requirements to apply for this Telecalling job position? \n Ans: A candidate must have a minimum of fresher as an Telecalling \n What is the qualification for this job? \n Ans: The candidate can be a Graduate from any of the following:  BA \n What is the hiring Process of this job? \n Ans: The hiring process all depends on the company. Normally for an entry level, hiring the candidate has to go for Aptitude, GD (If they look for communication),Technical test and face to face interviews. \n This Telecalling is a work from home job? Ans:  No ,its not a Work from Home Job. \n How many job vacancies are opening for the Telecalling position? \n Ans: There are immediate 10 job openings for Telecalling in our Organisation. \n"
      },
      {
        "job_role": "Loan Advisor",
        "company": "EduFund",
        "salary_text": "Not disclosed",
        "experience_text": "0 Years",
        "a_tag_texts": [
          "Mumbai"
        ],
        "posted_on": "24 Dec 24",
        "description": "[heading] Selected intern's day-to-day responsibilities include: Selected intern's day-to-day responsibilities include: \n \n 1. Make outbound calls to identify new business opportunities and promote our products and services. \n 2. Respond to customer inquiries and complaints in a timely and professional manner. \n 3. Resolve customer issues and escalate to the appropriate team if necessary. \n 4. Maintain accurate records of customer interactions and transactions. \n 5. Upsell fintech products and services to customers as appropriate. \n 6. Identify new business opportunities by cross-selling products like mutual funds and ETFs. \n 7. Follow the internal sales process by updating all the activities in the online system. \n 8. Comply with all rules and regulations of the company as well as the following industry norms. [heading] Who can apply Who can apply Only those candidates can apply who: 1. are available for full time (in-office) internship 2.\u00a0 \u00a0have relevant skills and interests * Women wanting to start/restart their career can also apply. [heading] Perks Perks Certificate Letter of recommendation Flexible work hours 5 days a week [heading] Number of openings Number of openings 2 [heading]  \n More information about this Loan Advisor Job \n \n Please go through the below FAQs to get all answers related to the given Loan Advisor job \n \n What are the job requirements to apply for this Loan Advisor job position? \n Ans: A candidate must have a minimum of fresher as an Loan Advisor \n What is the qualification for this job? \n Ans: The candidate can be a Graduate from any of the following:  B.Com, BA \n What is the hiring Process of this job? \n Ans: The hiring process all depends on the company. Normally for an entry level, hiring the candidate has to go for Aptitude, GD (If they look for communication),Technical test and face to face interviews. \n This Loan Advisor is a work from home job? Ans:  No ,its not a Work from Home Job. \n How many job vacancies are opening for the Loan Advisor position? \n Ans: There are immediate 2 job openings for Loan Advisor in our Organisation. \n"
      },
      {
        "job_role": "Social Media Marketing",
        "company": "Missing P Advertising & Marketing LLP",
        "salary_text": "Not disclosed",
        "experience_text": "0 Years",
        "a_tag_texts": [
          "Mumbai"
        ],
        "posted_on": "24 Dec 24",
        "description": "[heading] Selected intern's day-to-day responsibilities include: Selected intern's day-to-day responsibilities include: \n \n 1. Work on ideation & strategizing \n 2. Create reels \n 3. Work in front of camera \n 4. Work on influencer management \n \n Skills: \n \n 1. Deep knowledge of social media \n 2. People skills \n 3. Great vocabulary \n 4. Team player \n [heading] Skill(s) required Skill(s) required Digital Marketing English Proficiency (Spoken) English Proficiency (Written) Instagram Marketing Social Media Marketing [heading] Who can apply Who can apply Only those candidates can apply who: 1. are available for full time (in-office) internship 2. . have relevant skills and interests * Women wanting to start/restart their career can also apply. [heading] Number of openings Number of openings 1 [heading]  \n More information about this Social Media Marketing Job \n \n Please go through the below FAQs to get all answers related to the given Social Media Marketing job \n \n What are the job requirements to apply for this Social Media Marketing job position? \n Ans: A candidate must have a minimum of fresher as an Social Media Marketing \n What is the qualification for this job? \n Ans: The candidate can be a Graduate from any of the following:  BA, BBA/BBM, BSc \n What is the hiring Process of this job? \n Ans: The hiring process all depends on the company. Normally for an entry level, hiring the candidate has to go for Aptitude, GD (If they look for communication),Technical test and face to face interviews. \n This Social Media Marketing is a work from home job? Ans:  No ,its not a Work from Home Job. \n How many job vacancies are opening for the Social Media Marketing position? \n Ans: There are immediate 1 job openings for Social Media Marketing in our Organisation. \n"
      },
      {
        "job_role": "Sales Executive",
        "company": "Ace Global",
        "salary_text": "Not disclosed",
        "experience_text": "1 Years",
        "a_tag_texts": [
          "Mumbai"
        ],
        "posted_on": "24 Dec 24",
        "description": "[heading]  Job Description: \n We are seeking a highly motivated and results-driven Sales executive with a minimum of 1 year of experience to join our team. \n \n Key Responsibilities: \n Utilize LinkedIn and Sales Navigator to identify and connect with potential clients and decision-makers in the accounting industry. \n Implement Dripify, Apollo, ZoomInfo, and other lead generation tools to gather prospect data and create targeted lead lists. \n Execute email outreach campaigns to nurture leads and convert them into qualified prospects. \n Utilize Instantly, Brevo, Smartlead, and other lead management tools to track and organize leads efficiently. \n Perform cold calling and utilize JustCall, OpenPhone, WhatsApp, and other communication platforms to engage with potential clients. \n Initiate conversations with prospects and educate them about our accounting resources and services. \n Collaborate with the sales and marketing teams to develop and optimize lead generation strategies. \n Meet or exceed monthly and quarterly lead generation targets. \n \n Qualifications: \n Minimum of 1 year of experience as Sales executive or similar role. \n Familiarity with lead generation tools such as LinkedIn, Sales Navigator, Dripify, Apollo, ZoomInfo, and more. \n Strong knowledge of the US market and the accounting industry. \n Excellent communication and interpersonal skills. \n Proficiency in email outreach and follow-up. \n Ability to work independently and as part of a team. \n Experience with cold calling and lead qualification. \n Highly organized with the ability to manage and prioritize leads effectively. \n Results-oriented mindset with a track record of meeting or exceeding targets. [heading] Skill(s) required Skill(s) required LinkedIn Marketing Sales Salesforce [heading] Who can apply Who can apply Only those candidates can apply who: 1. are available for full time (in-office) internship 2. have relevant skills and interests * Women wanting to start/restart their career can also apply. [heading] Perks Perks Certificate Letter of recommendation 5 days a week [heading] Number of openings Number of openings 5 [heading]  \n More information about this Sales Executive Job \n \n Please go through the below FAQs to get all answers related to the given Sales Executive job \n \n What are the job requirements to apply for this Sales Executive job position? \n Ans: A candidate must have a minimum of 1 year experience as an Sales Executive \n What is the qualification for this job? \n Ans: The candidate can be a Graduate from any of the following:  BBA/BBM \n What is the hiring Process of this job? \n Ans: The hiring process all depends on the company. Normally for an entry level, hiring the candidate has to go for Aptitude, GD (If they look for communication),Technical test and face to face interviews. \n This Sales Executive is a work from home job? Ans:  No ,its not a Work from Home Job. \n How many job vacancies are opening for the Sales Executive position? \n Ans: There are immediate 5 job openings for Sales Executive in our Organisation. \n"
      },
      {
        "job_role": "Accounting Bookkeeping",
        "company": "CryptoTax International Private Limited",
        "salary_text": "Not disclosed",
        "experience_text": "0 Years",
        "a_tag_texts": [
          "Mumbai"
        ],
        "posted_on": "24 Dec 24",
        "description": "[heading]  Selected intern's day-to-day responsibilities include doing tax calculations for clients using Excel. [heading] Skill(s) required Skill(s) required MS-Excel [heading] Who can apply Who can apply Only those candidates can apply who: 1. are available for the part time job/internship 2\u00a0 have relevant skills and interests * Women wanting to start/restart their career can also apply. [heading] Perks Perks Letter of recommendation Informal dress code 5 days a week [heading] Number of openings Number of openings 1 [heading]  \n More information about this Accounting  Bookkeeping Job \n \n Please go through the below FAQs to get all answers related to the given Accounting  Bookkeeping job \n \n What are the job requirements to apply for this Accounting  Bookkeeping job position? \n Ans: A candidate must have a minimum of fresher as an Accounting  Bookkeeping \n What is the qualification for this job? \n Ans: The candidate can be a Graduate from any of the following:  B.Com, BA \n What is the hiring Process of this job? \n Ans: The hiring process all depends on the company. Normally for an entry level, hiring the candidate has to go for Aptitude, GD (If they look for communication),Technical test and face to face interviews. \n This Accounting  Bookkeeping is a work from home job? Ans:  No ,its not a Work from Home Job. \n How many job vacancies are opening for the Accounting  Bookkeeping position? \n Ans: There are immediate 1 job openings for Accounting  Bookkeeping in our Organisation. \n"
      },
      {
        "job_role": "Mental Health Awareness",
        "company": "Soul Sync Project",
        "salary_text": "Not disclosed",
        "experience_text": "0 Years",
        "a_tag_texts": [
          "Mumbai"
        ],
        "posted_on": "24 Dec 24",
        "description": "[heading] Selected intern's day-to-day responsibilities include: Selected intern's day-to-day responsibilities include: \n \n 1. Working on social media content management \n 2. Working on workshop management \n 3. Working on research [heading] Who can apply Who can apply Only those candidates can apply who: 1. are available for the part time job/internship 2.\u00a0 have relevant skills and interests * Women wanting to start/restart their career can also apply. [heading] Perks Perks Certificate Letter of recommendation Flexible work hours Informal dress code [heading] Number of openings Number of openings 3 [heading]  \n More information about this Mental Health Awareness Job \n \n Please go through the below FAQs to get all answers related to the given Mental Health Awareness job \n \n What are the job requirements to apply for this Mental Health Awareness job position? \n Ans: A candidate must have a minimum of fresher as an Mental Health Awareness \n What is the qualification for this job? \n Ans: The candidate can be a Graduate from any of the following:  BSc \n What is the hiring Process of this job? \n Ans: The hiring process all depends on the company. Normally for an entry level, hiring the candidate has to go for Aptitude, GD (If they look for communication),Technical test and face to face interviews. \n This Mental Health Awareness is a work from home job? Ans:  No ,its not a Work from Home Job. \n How many job vacancies are opening for the Mental Health Awareness position? \n Ans: There are immediate 3 job openings for Mental Health Awareness in our Organisation. \n"
      },
      {
        "job_role": "Content Writing",
        "company": "GoGlocal Private Limited",
        "salary_text": "Not disclosed",
        "experience_text": "0 Years",
        "a_tag_texts": [
          "Mumbai"
        ],
        "posted_on": "24 Dec 24",
        "description": "[heading] Selected intern's day-to-day responsibilities include: Selected intern's day-to-day responsibilities include: \n \n 1. Provide blogs for the website and collaborate closely with the creative communications team \n 2. Work on SEO copywriting and web content creation \n 3. Participate in a social media content strategy to increase the brand's online visibility [heading] Skill(s) required Skill(s) required Blogging Creative Writing Social Media Marketing [heading] Who can apply Who can apply Only those candidates can apply who: 1. are available for full time (in-office) internship 2.\u00a0 have relevant skills and interests [heading] Perks Perks Certificate Flexible work hours Informal dress code 5 days a week Free snacks & beverages [heading] Number of openings Number of openings 3 [heading]  \n More information about this Content Writing Job \n \n Please go through the below FAQs to get all answers related to the given Content Writing job \n \n What are the job requirements to apply for this Content Writing job position? \n Ans: A candidate must have a minimum of fresher as an Content Writing \n What is the qualification for this job? \n Ans: The candidate can be a Graduate from any of the following:  BA \n What is the hiring Process of this job? \n Ans: The hiring process all depends on the company. Normally for an entry level, hiring the candidate has to go for Aptitude, GD (If they look for communication),Technical test and face to face interviews. \n This Content Writing is a work from home job? Ans:  No ,its not a Work from Home Job. \n How many job vacancies are opening for the Content Writing position? \n Ans: There are immediate 3 job openings for Content Writing in our Organisation. \n"
      },
      {
        "job_role": "Business Operations Supply",
        "company": "Traveltoogle",
        "salary_text": "Not disclosed",
        "experience_text": "0 Years",
        "a_tag_texts": [
          "Delhi"
        ],
        "posted_on": "24 Dec 24",
        "description": "[heading] Selected intern's day-to-day responsibilities include: Selected intern's day-to-day responsibilities include: \n \n 1. Handling all bookings and business operations-related work \n 2. Working with the suppliers to ensure timely responses on queries & smooth post-booking operations such as booking confirmations over the marketplace platform \n 3. Working on ensuring timely deliveries to agents \n 4. Managing feedback and escalations from agents and suppliers \n 5. Working on ensuring customer delight \n 6. Working on regular and timely completion of agent KYC [heading] Skill(s) required Skill(s) required Effective Communication MS-Excel [heading] Who can apply Who can apply Only those candidates can apply who: 1. are available for full time (in-office) internship 2.\u00a0 have relevant skills and interests * Women wanting to start/restart their career can also apply. [heading] Other requirements Other requirements 1. Possess effective communication skills. 2. Knowledge of the travel industry is a plus. [heading] Perks Perks Certificate Letter of recommendation Informal dress code Job offer [heading] Number of openings Number of openings 1 [heading]  \n More information about this Business Operations Supply Job \n \n Please go through the below FAQs to get all answers related to the given Business Operations Supply job \n \n What are the job requirements to apply for this Business Operations Supply job position? \n Ans: A candidate must have a minimum of fresher as an Business Operations Supply \n What is the qualification for this job? \n Ans: The candidate can be a Graduate from any of the following:  B.Com, BA, BBA/BBM \n What is the hiring Process of this job? \n Ans: The hiring process all depends on the company. Normally for an entry level, hiring the candidate has to go for Aptitude, GD (If they look for communication),Technical test and face to face interviews. \n This Business Operations Supply is a work from home job? Ans:  No ,its not a Work from Home Job. \n How many job vacancies are opening for the Business Operations Supply position? \n Ans: There are immediate 1 job openings for Business Operations Supply in our Organisation. \n"
      },
      {
        "job_role": "Mechanical Engineering",
        "company": "Coulomb LiTech Private Limited",
        "salary_text": "Not disclosed",
        "experience_text": "0 Years",
        "a_tag_texts": [
          "Mumbai"
        ],
        "posted_on": "24 Dec 24",
        "description": "[heading] Selected intern's day-to-day responsibilities include: Selected intern's day-to-day responsibilities include: \n \n 1. Assist in designing and testing mechanical components for lithium-ion batteries \n 2. Conduct research and analysis to improve battery performance and efficiency \n 3. Collaborate with cross-functional teams to troubleshoot and solve engineering challenges \n 4. Participate in prototyping and manufacturing processes to bring designs to life \n 5. Support in documenting and presenting project findings to stakeholders \n 6. Stay updated on industry trends and advancements in battery technology \n 7. Contribute fresh ideas and perspectives to help drive innovation within the company \n [heading] Skill(s) required Skill(s) required ANSYS MATLAB SolidWorks [heading] Who can apply Who can apply Only those candidates can apply who: 1. are available for full time (in-office) internship 2.\u00a0 \u00a0have relevant skills and interests * Women wanting to start/restart their career can also apply. [heading] Perks Perks Certificate Letter of recommendation [heading] Number of openings Number of openings 2 [heading]  \n More information about this Mechanical Engineering Job \n \n Please go through the below FAQs to get all answers related to the given Mechanical Engineering job \n \n What are the job requirements to apply for this Mechanical Engineering job position? \n Ans: A candidate must have a minimum of fresher as an Mechanical Engineering \n What is the qualification for this job? \n Ans: The candidate can be a Graduate from any of the following:  BE/B.Tech \n What is the hiring Process of this job? \n Ans: The hiring process all depends on the company. Normally for an entry level, hiring the candidate has to go for Aptitude, GD (If they look for communication),Technical test and face to face interviews. \n This Mechanical Engineering is a work from home job? Ans:  No ,its not a Work from Home Job. \n How many job vacancies are opening for the Mechanical Engineering position? \n Ans: There are immediate 2 job openings for Mechanical Engineering in our Organisation. \n"
      },
      {
        "job_role": "Video Editing/Making",
        "company": "Leading Firm",
        "salary_text": "Not disclosed",
        "experience_text": "0 Years",
        "a_tag_texts": [
          "Delhi"
        ],
        "posted_on": "24 Dec 24",
        "description": "[heading] Selected intern's day-to-day responsibilities include: Selected intern's day-to-day responsibilities include: \n \n 1. Be dedicated & responsible and deliver projects on time \n [heading] Skill(s) required Skill(s) required Adobe After Effects Adobe Premiere Pro Canva Final Cut Pro Video Editing Video Making [heading] Who can apply Who can apply Only those candidates can apply who: 1. are available for full time (in-office) internship 2. have relevant skills and interests * Women wanting to start/restart their career can also apply. [heading] Other requirements Other requirements 1. He/She must have basic knowledge of video editing 2. He/She must know basic knowledge of tools of professional software 3. He/She must be comfortable working from office 4. He/She must have editing laptop [heading] Perks Perks Certificate Letter of recommendation Free snacks & beverages [heading] Number of openings Number of openings 3 [heading]  \n More information about this Video Editing/Making Job \n \n Please go through the below FAQs to get all answers related to the given Video Editing/Making job \n \n What are the job requirements to apply for this Video Editing/Making job position? \n Ans: A candidate must have a minimum of fresher as an Video Editing/Making \n What is the qualification for this job? \n Ans: The candidate can be a Graduate from any of the following:  BFA \n What is the hiring Process of this job? \n Ans: The hiring process all depends on the company. Normally for an entry level, hiring the candidate has to go for Aptitude, GD (If they look for communication),Technical test and face to face interviews. \n This Video Editing/Making is a work from home job? Ans:  No ,its not a Work from Home Job. \n How many job vacancies are opening for the Video Editing/Making position? \n Ans: There are immediate 3 job openings for Video Editing/Making in our Organisation. \n"
      },
      {
        "job_role": "Social Media Marketing",
        "company": "Enduring Ventures",
        "salary_text": "Not disclosed",
        "experience_text": "0 Years",
        "a_tag_texts": [
          "Bangalore"
        ],
        "posted_on": "24 Dec 24",
        "description": "[heading]  1. Develop, implement & feature in creative social media campaigns on Instagram and Facebook to increase brand awareness and engagement \n 2. Create engaging content, including graphics, videos, and written posts, to attract and retain followers \n 3. Monitor and analyze social media metrics to track the success of campaigns and make data-driven decisions \n 4. Collaborate with the founding team to brainstorm and execute strategies for reaching target audiences \n 5. Stay up-to-date on current trends in social media marketing and suggest new ideas for content and campaigns \n 6. Assist with community management by responding to comments and messages on social media platforms \n 7. Support the marketing team with additional tasks and projects as needed \n [heading] Skill(s) required Skill(s) required Creative Writing Facebook Marketing Instagram Marketing Earn certifications in these skills Learn Facebook Marketing Learn Creative Writing Learn Digital Marketing Learn Business Analytics [heading] Who can apply Who can apply Only those candidates can apply who: 1. are available for the part time job/internship 2. are from or open to relocate to Bangalore 3. have relevant skills and interests * Women wanting to start/restart their career can also apply. [heading] Other requirements Other requirements 1. This role is specifically created to market women hair restoration products. For this reason, the candidate has to be a female. 2. Candidate must be passionate about creating, editing & posting engaging content on social media. Must also be passionate about data analysis & learning about which content works better over others. 3. Must be comfortable in speaking and presenting oneself on camera and/or voiceover. 4. Speaking regional languages like Hindi, Kannada will be a bonus. [heading] Perks Perks Letter of recommendation Flexible work hours Informal dress code 5 days a week [heading] Number of openings Number of openings 1 \n \n More information about this Social Media Marketing Job \n \n Please go through the below FAQs to get all answers related to the given Social Media Marketing job \n \n What are the job requirements to apply for this Social Media Marketing job position? \n Ans: A candidate must have a minimum of fresher as an Social Media Marketing \n What is the qualification for this job? \n Ans: The candidate can be a Graduate from any of the following:  BA, BBA/BBM, BCA, BSc \n What is the hiring Process of this job? \n Ans: The hiring process all depends on the company. Normally for an entry level, hiring the candidate has to go for Aptitude, GD (If they look for communication),Technical test and face to face interviews. \n This Social Media Marketing is a work from home job? Ans:  No ,its not a Work from Home Job. \n How many job vacancies are opening for the Social Media Marketing position? \n Ans: There are immediate 1 job openings for Social Media Marketing in our Organisation. \n"
      }
    ]
  },
  {
    "page2": [
      {
        "job_role": "Graphic Design intern",
        "company": "Digital Craft Private Limited",
        "salary_text": "Not disclosed",
        "experience_text": "0 Years",
        "a_tag_texts": [
          "Bangalore"
        ],
        "posted_on": "24 Dec 24",
        "description": "[heading]  Key Responsibilities: \n \n 1. Create visually appealing graphics for various digital platforms \n 2. Use Photoshop, CorelDRAW /Illustrator, Indesign, etc. to design engaging Catalogues and marketing materials \n 3. Assist in the development of brand identity and visual communication strategies \n 4. Create and edit videos for promotional purposes \n 5. Participate in brainstorming sessions and contribute innovative ideas for design projects \n 6. Ensure all designs adhere to brand guidelines and maintain a cohesive look and feel \n [heading] Skill(s) required Skill(s) required Adobe Illustrator Adobe Indesign Adobe Photoshop CorelDRAW Video Editing Earn certifications in these skills Learn Adobe Photoshop Learn Video Editing Learn Colour Theory for Designers [heading] Who can apply Who can apply Only those candidates can apply who: 1. are available for full time (in-office) internship 2. are from or open to relocate to Bangalore 3. have relevant skills and interests * Women wanting to start/restart their career can also apply. [heading] Other requirements Other requirements Website development and Digital marketing. [heading] Perks Perks Certificate Letter of recommendation Flexible work hours Informal dress code Job offer [heading] Number of openings Number of openings 1 [heading] Certificate: Will be provided at the end of the Internship Certificate: Will be provided at the end of the Internship \n \n \n More information about this Graphic Design intern Job \n \n Please go through the below FAQs to get all answers related to the given Graphic Design intern job \n \n What are the job requirements to apply for this Graphic Design intern job position? \n Ans: A candidate must have a minimum of fresher as an Graphic Design intern \n What is the qualification for this job? \n Ans: The candidate can be a Graduate from any of the following:  B.Design, BFA \n What is the hiring Process of this job? \n Ans: The hiring process all depends on the company. Normally for an entry level, hiring the candidate has to go for Aptitude, GD (If they look for communication),Technical test and face to face interviews. \n This Graphic Design intern is a work from home job? Ans:  No ,its not a Work from Home Job. \n How many job vacancies are opening for the Graphic Design intern position? \n Ans: There are immediate 1 job openings for Graphic Design intern in our Organisation. \n"
      },
      {
        "job_role": "Business Development Associate",
        "company": "Eventic Banda",
        "salary_text": "Not disclosed",
        "experience_text": "0 Years",
        "a_tag_texts": [
          "Delhi"
        ],
        "posted_on": "24 Dec 24",
        "description": "[heading] Selected intern's day-to-day responsibilities include: Selected intern's day-to-day responsibilities include: \n \n 1. Conduct thorough market research to pinpoint potential clients, including colleges, universities, student organizations, and event sponsors \n 2. Cultivate and nurture strong relationships with existing clients to guarantee satisfaction and foster repeat business opportunities \n 3. Maintain regular communication channels with clients to grasp their needs, resolve any concerns, and offer effective solutions \n 4. Collaborate closely with the event management team to craft personalized proposals and presentations that align with client requirements \n 5. Present proposals to clients, emphasizing the unique value proposition of our services and addressing their specific needs and preferences \n 6. Lead negotiations and finalize contracts with clients, ensuring all terms and conditions are clearly defined and mutually agreed upon \n 7. Work in tandem with the management team to devise strategic business development plans and initiatives for sustained growth [heading] Skill(s) required Skill(s) required Business Research Effective Communication English Proficiency (Spoken) [heading] Who can apply Who can apply Only those candidates can apply who: 1. are available for the part time job/internship 2.\u00a0 have relevant skills and interests * Women wanting to start/restart their career can also apply. [heading] Other requirements Other requirements 1. Proven experience in sales, business development, or account management, preferably in the events industry 2. Excellent communication, negotiation, and presentation skills 3. Strong interpersonal skills and the ability to build rapport with clients and colleagues 4. Self-motivated with a results-driven mindset and the ability to work independently as well as part of a team [heading] Perks Perks Certificate Letter of recommendation Flexible work hours Informal dress code Free snacks & beverages Job offer [heading] Number of openings Number of openings 5 [heading]  \n More information about this Business Development Associate Job \n \n Please go through the below FAQs to get all answers related to the given Business Development Associate job \n \n What are the job requirements to apply for this Business Development Associate job position? \n Ans: A candidate must have a minimum of fresher as an Business Development Associate \n What is the qualification for this job? \n Ans: The candidate can be a Graduate from any of the following:  B.Com, BBA/BBM, BBS \n What is the hiring Process of this job? \n Ans: The hiring process all depends on the company. Normally for an entry level, hiring the candidate has to go for Aptitude, GD (If they look for communication),Technical test and face to face interviews. \n This Business Development Associate is a work from home job? Ans:  No ,its not a Work from Home Job. \n How many job vacancies are opening for the Business Development Associate position? \n Ans: There are immediate 5 job openings for Business Development Associate in our Organisation. \n"
      },
      {
        "job_role": "Content And Database Management",
        "company": "Leading Firm",
        "salary_text": "Not disclosed",
        "experience_text": "0 Years",
        "a_tag_texts": [
          "Delhi"
        ],
        "posted_on": "24 Dec 24",
        "description": "[heading] Selected intern's day-to-day responsibilities include: Selected intern's day-to-day responsibilities include: \n \n 1. AI Question Bank Resource Acquisition: \n a. Collect educational resources from Indian publisher websites, PDFs, lesson materials, and question banks from various online platforms \n b. Liaise with publishers to obtain relevant content \n 2. Content Alignment in OLF Files: \n a. Review and adjust alignment issues in content across different display sizes \n b. Check and ensure optimal presentation in all 800 content files \n c. Pay keen attention to detail and utilize problem-solving skills to ensure content consistency and quality \n 3. Database Management and Outreach: \n a. Consolidate and manage databases related to events and schools, integrating information from multiple sources \n b. Make cold calls to schools, effectively communicate, and gather information \n c. Possess strong organizational skills to maintain accurate and up-to-date database records [heading] Who can apply Who can apply Only those candidates can apply who: 1. are available for full time (in-office) internship 2. have relevant skills and interests * Women wanting to start/restart their career can also apply. [heading] Perks Perks Certificate Letter of recommendation 5 days a week [heading] Number of openings Number of openings 4 [heading]  \n More information about this Content And Database Management Job \n \n Please go through the below FAQs to get all answers related to the given Content And Database Management job \n \n What are the job requirements to apply for this Content And Database Management job position? \n Ans: A candidate must have a minimum of fresher as an Content And Database Management \n What is the qualification for this job? \n Ans: The candidate can be a Graduate from any of the following:  B.Com, BA, BBA/BBM, BCA, BSc \n What is the hiring Process of this job? \n Ans: The hiring process all depends on the company. Normally for an entry level, hiring the candidate has to go for Aptitude, GD (If they look for communication),Technical test and face to face interviews. \n This Content And Database Management is a work from home job? Ans:  No ,its not a Work from Home Job. \n How many job vacancies are opening for the Content And Database Management position? \n Ans: There are immediate 4 job openings for Content And Database Management in our Organisation. \n"
      },
      {
        "job_role": "Digital Marketing",
        "company": "YMGrad",
        "salary_text": "Not disclosed",
        "experience_text": "0 Years",
        "a_tag_texts": [
          "Delhi"
        ],
        "posted_on": "24 Dec 24",
        "description": "[heading] Selected intern's day-to-day responsibilities include: Selected intern's day-to-day responsibilities include: \n \n 1. Research and create content for our Instagram page \n 2. Improve SEO of the YouTube videos and market the content over various platforms \n 3. Work on other digital marketing tasks to improve the footprint of the company [heading] Skill(s) required Skill(s) required Digital Marketing Instagram Marketing Social Media Marketing [heading] Who can apply Who can apply Only those candidates can apply who: 1. are available for full time (in-office) internship 2. have relevant skills and interests [heading] Perks Perks Certificate Letter of recommendation Flexible work hours Informal dress code Free snacks & beverages Job offer [heading] Number of openings Number of openings 3 [heading]  \n More information about this Digital Marketing Job \n \n Please go through the below FAQs to get all answers related to the given Digital Marketing job \n \n What are the job requirements to apply for this Digital Marketing job position? \n Ans: A candidate must have a minimum of fresher as an Digital Marketing \n What is the qualification for this job? \n Ans: The candidate can be a Graduate from any of the following:  BA, BBA/BBM, BSc \n What is the hiring Process of this job? \n Ans: The hiring process all depends on the company. Normally for an entry level, hiring the candidate has to go for Aptitude, GD (If they look for communication),Technical test and face to face interviews. \n This Digital Marketing is a work from home job? Ans:  No ,its not a Work from Home Job. \n How many job vacancies are opening for the Digital Marketing position? \n Ans: There are immediate 3 job openings for Digital Marketing in our Organisation. \n"
      },
      {
        "job_role": "Data and Communication",
        "company": "Centre For Knowledge And Development",
        "salary_text": "Not disclosed",
        "experience_text": "0 Years",
        "a_tag_texts": [
          "Delhi"
        ],
        "posted_on": "24 Dec 24",
        "description": "[heading] Selected intern's day-to-day responsibilities include: Selected intern's day-to-day responsibilities include: \n \n I. Program Implementation, Documentation and Communication Support \n 1. Collating and documenting case studies from the field \n 2. Providing support in communication collaterals (archiving field photos, preparing social media posts, photo documentation) to the project team \n 3. Providing support in presentations and documents for review meetings on a regular basis \n 4. Providing support in the timely submission of monthly reports and other project deliverables as required for the project \n 5. Documenting the minutes of the meeting \n [heading] Skill(s) required Skill(s) required Data Analysis Python Social Media Marketing [heading] Who can apply Who can apply Only those candidates can apply who: 1. are available for full time (in-office) internship 2.\u00a0 have relevant skills and interests * Women wanting to start/restart their career can also apply. [heading] Other requirements Other requirements 1. Graduate degrees in any field. 2. Experience in the collection, compilation, tabulation, and analysis of data. 3. Proven ability to manage MIS and analysis. 4. Experience in MS Office (Excel, PowerPoint, Word). 5. Strong analytical skills with the ability to manipulate and interpret data. 6. Proficiency in statistical analysis tools such as R, Python, or SPSS. 7. Experience with data visualization tools such as Tableau, Power BI, or Matplotlib. 8 Excellent written and verbal communication skills. 9. Ability to work independently and collaboratively in a team environment. 10. Detail-oriented with strong organizational skills. 11. Prior experience with communication strategies and platforms is a plus. 12. Familiarity with social media management tools and techniques is desirable. 13. Eagerness to learn and adapt to new technologies and methodologies. [heading] Perks Perks Certificate Letter of recommendation Flexible work hours 5 days a week [heading] Number of openings Number of openings 1 [heading]  \n More information about this Data and Communication Job \n \n Please go through the below FAQs to get all answers related to the given Data and Communication job \n \n What are the job requirements to apply for this Data and Communication job position? \n Ans: A candidate must have a minimum of fresher as an Data and Communication \n What is the qualification for this job? \n Ans: The candidate can be a Graduate from any of the following:  BE/B.Tech, CS \n What is the hiring Process of this job? \n Ans: The hiring process all depends on the company. Normally for an entry level, hiring the candidate has to go for Aptitude, GD (If they look for communication),Technical test and face to face interviews. \n This Data and Communication is a work from home job? Ans:  No ,its not a Work from Home Job. \n How many job vacancies are opening for the Data and Communication position? \n Ans: There are immediate 1 job openings for Data and Communication in our Organisation. \n"
      },
      {
        "job_role": "Fashion Design And Merchandising",
        "company": "Lanos Yvvas Essel Enterprises",
        "salary_text": "Not disclosed",
        "experience_text": "0 Years",
        "a_tag_texts": [
          "Delhi"
        ],
        "posted_on": "24 Dec 24",
        "description": "[heading] Selected intern's day-to-day responsibilities include: Selected intern's day-to-day responsibilities include: \n \n 1. Interacting with clients and helping the designer with designing and styling client \n 2. Working on DIY projects and accessories \n 3. Handling social media and visual merchandising for the store every week [heading] Skill(s) required Skill(s) required Adobe Photoshop CLO3D CorelDRAW [heading] Who can apply Who can apply Only those candidates can apply who: 1. are available for full time (in-office) internship 2.\u00a0 have relevant skills and interests * Women wanting to start/restart their career can also apply. [heading] Perks Perks Certificate Letter of recommendation Flexible work hours Informal dress code [heading] Number of openings Number of openings 2 [heading]  \n More information about this Fashion Design And Merchandising Job \n \n Please go through the below FAQs to get all answers related to the given Fashion Design And Merchandising job \n \n What are the job requirements to apply for this Fashion Design And Merchandising job position? \n Ans: A candidate must have a minimum of fresher as an Fashion Design And Merchandising \n What is the qualification for this job? \n Ans: The candidate can be a Graduate from any of the following:  B.FashionTech \n What is the hiring Process of this job? \n Ans: The hiring process all depends on the company. Normally for an entry level, hiring the candidate has to go for Aptitude, GD (If they look for communication),Technical test and face to face interviews. \n This Fashion Design And Merchandising is a work from home job? Ans:  No ,its not a Work from Home Job. \n How many job vacancies are opening for the Fashion Design And Merchandising position? \n Ans: There are immediate 2 job openings for Fashion Design And Merchandising in our Organisation. \n"
      },
      {
        "job_role": "Social Media Marketing",
        "company": "VILAAS",
        "salary_text": "Not disclosed",
        "experience_text": "0 Years",
        "a_tag_texts": [
          "Delhi"
        ],
        "posted_on": "24 Dec 24",
        "description": "[heading] Selected intern's day-to-day responsibilities include: Selected intern's day-to-day responsibilities include: \n \n 1.Create engaging and visually appealing content for Vilaas' social media platforms \n 2.Develop and implement social media strategies to increase brand awareness and engagement \n 3.Monitor social media channels, respond to inquiries, comments, and messages in a timely manner \n 4.Assist in organizing and executing social media campaigns and promotions \n 5.Generate reports and analyze social media performance metrics to identify areas for improvement \n 6.Support in creating content calendars and scheduling posts across various platforms \n 7.Contribute creative ideas for new social media initiatives and partnerships [heading] Skill(s) required Skill(s) required Digital Marketing English Proficiency (Written) Facebook Marketing Instagram Marketing [heading] Who can apply Who can apply Only those candidates can apply who: 1. are available for full time (in-office) internship 2.\u00a0 have relevant skills and interests [heading] Perks Perks Certificate Letter of recommendation Flexible work hours Informal dress code 5 days a week [heading] Number of openings Number of openings 1 [heading]  \n More information about this Social Media Marketing Job \n \n Please go through the below FAQs to get all answers related to the given Social Media Marketing job \n \n What are the job requirements to apply for this Social Media Marketing job position? \n Ans: A candidate must have a minimum of fresher as an Social Media Marketing \n What is the qualification for this job? \n Ans: The candidate can be a Graduate from any of the following:  BA, BBA/BBM, BCA, BSc \n What is the hiring Process of this job? \n Ans: The hiring process all depends on the company. Normally for an entry level, hiring the candidate has to go for Aptitude, GD (If they look for communication),Technical test and face to face interviews. \n This Social Media Marketing is a work from home job? Ans:  No ,its not a Work from Home Job. \n How many job vacancies are opening for the Social Media Marketing position? \n Ans: There are immediate 1 job openings for Social Media Marketing in our Organisation. \n"
      },
      {
        "job_role": "Human Resources HR",
        "company": "AKGVG And Associates",
        "salary_text": "Not disclosed",
        "experience_text": "0 Years",
        "a_tag_texts": [
          "Delhi"
        ],
        "posted_on": "24 Dec 24",
        "description": "[heading] Selected intern's day-to-day responsibilities include: Selected intern's day-to-day responsibilities include: \n \n 1. Assist in hiring \n 2. Maintain HR Data \n 3. Perform administrative work [heading] Skill(s) required Skill(s) required Effective Communication English Proficiency (Spoken) MS-Word [heading] Who can apply Who can apply Only those candidates can apply who: 1. are available for full time (in-office) internship 2.\u00a0 \u00a0have relevant skills and interests [heading] Perks Perks Letter of recommendation [heading] Number of openings Number of openings 1 [heading]  \n More information about this Human Resources HR Job \n \n Please go through the below FAQs to get all answers related to the given Human Resources HR job \n \n What are the job requirements to apply for this Human Resources HR job position? \n Ans: A candidate must have a minimum of fresher as an Human Resources HR \n What is the qualification for this job? \n Ans: The candidate can be a Graduate from any of the following:  BBA/BBM, MBA/PGDM \n What is the hiring Process of this job? \n Ans: The hiring process all depends on the company. Normally for an entry level, hiring the candidate has to go for Aptitude, GD (If they look for communication),Technical test and face to face interviews. \n This Human Resources HR is a work from home job? Ans:  No ,its not a Work from Home Job. \n How many job vacancies are opening for the Human Resources HR position? \n Ans: There are immediate 1 job openings for Human Resources HR in our Organisation. \n"
      },
      {
        "job_role": "Graphic Design",
        "company": "Rank Revenue Digitech",
        "salary_text": "Not disclosed",
        "experience_text": "0 Years",
        "a_tag_texts": [
          "Delhi"
        ],
        "posted_on": "24 Dec 24",
        "description": "[heading] About the internship About the internship We are looking graphic design intern who wants to Join a fast-growing digital marketing agency. \n \n Note: This internship is based in our well-set office which you can reach within 3 minutes from Mewala metro station, we will provide a video about the office after getting shortlisted \n \n Please verify the distance before applying, it is full-time work \n \n Internship Responsibilities: \n \n 1.Use canva or photoshop to complete the design \n 2. Work on creative side of client project \n \n \n Additional Insights: \n \n Work Schedule: Monday to Friday work week with office hours from 11 AM to 6:30 PM. \n \n Job Offer: After internship, Chances to get a job [heading] Skill(s) required Skill(s) required Adobe Photoshop Canva Design Thinking Video Editing Earn certifications in these skills Learn Adobe Photoshop Learn Video Editing Learn Graphic Design [heading] Who can apply Who can apply Only those candidates can apply who: 1. are available for full time (in-office) internship 2. have relevant skills and interests [heading] Number of openings Number of openings 2 \n \n More information about this Graphic Design Job \n \n Please go through the below FAQs to get all answers related to the given Graphic Design job \n \n What are the job requirements to apply for this Graphic Design job position? \n Ans: A candidate must have a minimum of fresher as an Graphic Design \n What is the qualification for this job? \n Ans: The candidate can be a Graduate from any of the following:  B.Design, BFA \n What is the hiring Process of this job? \n Ans: The hiring process all depends on the company. Normally for an entry level, hiring the candidate has to go for Aptitude, GD (If they look for communication),Technical test and face to face interviews. \n This Graphic Design is a work from home job? Ans:  No ,its not a Work from Home Job. \n How many job vacancies are opening for the Graphic Design position? \n Ans: There are immediate 2 job openings for Graphic Design in our Organisation. \n"
      },
      {
        "job_role": "Accounting",
        "company": "Celerity Consulting Private Limited",
        "salary_text": "Not disclosed",
        "experience_text": "0 Years",
        "a_tag_texts": [
          "Delhi"
        ],
        "posted_on": "24 Dec 24",
        "description": "[heading] About the internship About the internship Selected intern's day-to-day responsibilities include: \n \n 1. Maintaining day-to-day books of accounts \n 2. Preparing bank reconciliation statements for every month \n 3. Working on the reconciliation of debtors' and creditors' accounts \n 4. Working on the reconciliation of reimbursement expenses and accounting in the books \n 5. Preparing the weekly accounts receivable aging reports \n 6. Preparing the weekly accounts payable aging reports \n 7. Assisting in the preparation of monthly closing statements \n 8. Maintaining general ledgers \n 9. Maintaining assets register \n 10. Maintaining accounting records Key Earn certifications in these skills Learn Financial modeling valuation Learn Personal Finance Learn Stock Market Trading Learn Business Analytics Learn Tally [heading] Who can apply Who can apply Only those candidates can apply who: 1. are available for full time (in-office) internship 2. are from or open to relocate to Delhi and neighboring cities 3. have relevant skills and interests * Women wanting to start/restart their career can also apply. [heading] Perks Perks Certificate Letter of recommendation 5 days a week [heading] Number of openings Number of openings 1 [heading] Certificate: Will be provided at the end of the Internship Certificate: Will be provided at the end of the Internship \n \n \n More information about this Accounting Job \n \n Please go through the below FAQs to get all answers related to the given Accounting job \n \n What are the job requirements to apply for this Accounting job position? \n Ans: A candidate must have a minimum of fresher as an Accounting \n What is the qualification for this job? \n Ans: The candidate can be a Graduate from any of the following:  B.Com \n What is the hiring Process of this job? \n Ans: The hiring process all depends on the company. Normally for an entry level, hiring the candidate has to go for Aptitude, GD (If they look for communication),Technical test and face to face interviews. \n This Accounting is a work from home job? Ans:  No ,its not a Work from Home Job. \n How many job vacancies are opening for the Accounting position? \n Ans: There are immediate 1 job openings for Accounting in our Organisation. \n"
      },
      {
        "job_role": "Business development - sales intern",
        "company": "Craftsmen",
        "salary_text": "Not disclosed",
        "experience_text": "0 Years",
        "a_tag_texts": [
          "Ghaziabad"
        ],
        "posted_on": "24 Dec 24",
        "description": "[heading]  \n Selected intern's day-to-day responsibilities include: \n \n 1. Assist in identifying and researching potential clients and markets \n 2. Generate new leads by cold calling, emailing, and networking \n 3. Support the sales team in preparing and delivering compelling sales presentations \n 4. Collaborate with the marketing team to develop effective sales strategies \n 5. Help maintain and update the CRM database with accurate client information \n 6. Monitor industry trends and competitor activities to identify new business opportunities \n 7. Provide excellent customer service and build strong relationships with clients \n [heading] Skill(s) required Skill(s) required English Proficiency (Spoken) English Proficiency (Written) Earn certifications in these skills Learn Business Communication Learn Digital Marketing Learn Business Analytics [heading] Who can apply Who can apply Only those candidates can apply who: 1. are available for full time (in-office) internship 2. have relevant skills and interests * Women wanting to start/restart their career can also apply. [heading] Perks Perks Certificate Letter of recommendation Informal dress code Free snacks & beverages Job offer [heading] Number of openings Number of openings 8 [heading] Certificate: Will be provided at the end of the Internship Certificate: Will be provided at the end of the Internship \n \n \n More information about this Business development - sales intern Job \n \n Please go through the below FAQs to get all answers related to the given Business development - sales intern job \n \n What are the job requirements to apply for this Business development - sales intern job position? \n Ans: A candidate must have a minimum of fresher as an Business development - sales intern \n What is the qualification for this job? \n Ans: The candidate can be a Graduate from any of the following:  BBA/BBM \n What is the hiring Process of this job? \n Ans: The hiring process all depends on the company. Normally for an entry level, hiring the candidate has to go for Aptitude, GD (If they look for communication),Technical test and face to face interviews. \n This Business development - sales intern is a work from home job? Ans:  No ,its not a Work from Home Job. \n How many job vacancies are opening for the Business development - sales intern position? \n Ans: There are immediate 8 job openings for Business development - sales intern in our Organisation. \n"
      },
      {
        "job_role": "Social Media Marketing",
        "company": "Wisetime Learning Private Limited",
        "salary_text": "Not disclosed",
        "experience_text": "0 Years",
        "a_tag_texts": [
          "Delhi"
        ],
        "posted_on": "24 Dec 24",
        "description": "[heading] Selected intern's day-to-day responsibilities include: Selected intern's day-to-day responsibilities include: \n \n 1. Writing content and error correction of maths question bank and tools \n 2. Working on social media marketing and editing videos \n [heading] Skill(s) required Skill(s) required English Proficiency (Spoken) English Proficiency (Written) Mathematics Search Engine Optimization (SEO) Social Media Marketing [heading] Who can apply Who can apply Only those candidates can apply who: 1. are available for full time (in-office) internship 2.\u00a0 have relevant skills and interests [heading] Perks Perks Certificate Letter of recommendation Informal dress code 5 days a week Job offer [heading] Number of openings Number of openings 2 Certificate: Will be provided at the end of the Internship \n \n More information about this Social Media Marketing Job \n \n Please go through the below FAQs to get all answers related to the given Social Media Marketing job \n \n What are the job requirements to apply for this Social Media Marketing job position? \n Ans: A candidate must have a minimum of fresher as an Social Media Marketing \n What is the qualification for this job? \n Ans: The candidate can be a Graduate from any of the following:  BA, BBA/BBM, BCA, BSc \n What is the hiring Process of this job? \n Ans: The hiring process all depends on the company. Normally for an entry level, hiring the candidate has to go for Aptitude, GD (If they look for communication),Technical test and face to face interviews. \n This Social Media Marketing is a work from home job? Ans:  No ,its not a Work from Home Job. \n How many job vacancies are opening for the Social Media Marketing position? \n Ans: There are immediate 2 job openings for Social Media Marketing in our Organisation. \n"
      },
      {
        "job_role": "UI/UX Design",
        "company": "BUCKMINT",
        "salary_text": "Not disclosed",
        "experience_text": "0 Years",
        "a_tag_texts": [
          "Delhi"
        ],
        "posted_on": "24 Dec 24",
        "description": "[heading] 1. Wireframing and Prototyping: Collaborate with the design team to create wireframes and interactive prototypes, ensuring a clear visual representation of user flows and interactions. 1. Wireframing and Prototyping: Collaborate with the design team to create wireframes and interactive prototypes, ensuring a clear visual representation of user flows and interactions. \n 2. Visual Design: Contribute to the development of visually compelling designs, incorporating brand guidelines and ensuring consistency across various platforms and devices. \n 3. Research: Assist in user research activities, including usability testing and user interviews, to gather valuable insights that inform the design process \n 4. User testing: Participate in the testing of design solutions to validate their effectiveness and identify areas for improvement \n 5. Iconography and Illustration: Design custom icons and illustrations to enhance the visual storytelling within our products \n 6. Collaboration: Work closely with cross-functional teams, including developers and product managers, to translate business requirements into intuitive and engaging user interfaces \n 7. Stay Updated: Stay abreast of industry trends, and emerging technologies, and design best practices to continuously enhance your skills and contribute innovative ideas to the team \n 8. Documentation: Maintain design documentation, including style guides, design specifications, and other relevant documentation [heading] Skill(s) required Skill(s) required Adobe Creative Suite Adobe Illustrator Adobe Photoshop Adobe XD Figma Sketch UI & UX Design User Interface (UI) Development UX Research Wireframing [heading] Who can apply Who can apply Only those candidates can apply who: 1. are available for full time (in-office) internship 2\u00a0 . have relevant skills and interests [heading] Other requirements Other requirements - Pursuing a degree in Graphic Design, UI/UX Design, Human-Computer Interaction, or a related field. Already a Bachelor's degree, is a plus. - Strong proficiency in industry-standard design tools such as Adobe Creative Suite, Sketch, Figma, or similar software. - Understanding of design principles, user-centered design principles, responsive design and usability. - Excellent visual design skills, including a strong grasp of layout, typography, and color theory. - Excellent communication and collaboration skills. - Detail-oriented with a passion for creating visually appealing and intuitive user interfaces. - Ability to work in a fast-paced, dynamic environment. - Portfolio showcasing relevant design projects, skills and creativity. - Knowledge of HTML, CSS, and front-end development is a plus. - Familiarity with animation and motion design is an advantage. [heading] Perks Perks Certificate Letter of recommendation Flexible work hours Informal dress code 5 days a week Free snacks & beverages Job offer [heading] Number of openings Number of openings 2 [heading]  \n More information about this UI/UX Design Job \n \n Please go through the below FAQs to get all answers related to the given UI/UX Design job \n \n What are the job requirements to apply for this UI/UX Design job position? \n Ans: A candidate must have a minimum of fresher as an UI/UX Design \n What is the qualification for this job? \n Ans: The candidate can be a Graduate from any of the following:  BCA, BSc, CS, B.Design, BFA \n What is the hiring Process of this job? \n Ans: The hiring process all depends on the company. Normally for an entry level, hiring the candidate has to go for Aptitude, GD (If they look for communication),Technical test and face to face interviews. \n This UI/UX Design is a work from home job? Ans:  No ,its not a Work from Home Job. \n How many job vacancies are opening for the UI/UX Design position? \n Ans: There are immediate 2 job openings for UI/UX Design in our Organisation. \n"
      },
      {
        "job_role": "Data Science",
        "company": "Innovation Hack",
        "salary_text": "Not disclosed",
        "experience_text": "0 Years",
        "a_tag_texts": [
          "Mumbai"
        ],
        "posted_on": "24 Dec 24",
        "description": "[heading] Selected intern's day-to-day responsibilities include: Selected intern's day-to-day responsibilities include: \n \n 1. Identify valuable data sources and automate collection processes \n 2. Undertake the preprocessing of structured and unstructured data \n 3. Analyze large amounts of information to discover trends and patterns \n 4. Build predictive models and machine-learning algorithms \n 5. Combine models through ensemble modeling \n 6. Present information using data visualization techniques \n 7. Propose solutions and strategies to business challenges \n 8. Collaborate with engineering and product development teams [heading] Skill(s) required Skill(s) required Data Science Machine Learning Python SQL [heading] Who can apply Who can apply Only those candidates can apply who: 1. are available for full time (in-office) internship 2.\u00a0 have relevant skills and interests * Women wanting to start/restart their career can also apply. [heading] Perks Perks Certificate Letter of recommendation Flexible work hours Informal dress code 5 days a week [heading] Number of openings Number of openings 2 [heading]  \n More information about this Data Science Job \n \n Please go through the below FAQs to get all answers related to the given Data Science job \n \n What are the job requirements to apply for this Data Science job position? \n Ans: A candidate must have a minimum of fresher as an Data Science \n What is the qualification for this job? \n Ans: The candidate can be a Graduate from any of the following:  BE/B.Tech, BSc, CS \n What is the hiring Process of this job? \n Ans: The hiring process all depends on the company. Normally for an entry level, hiring the candidate has to go for Aptitude, GD (If they look for communication),Technical test and face to face interviews. \n This Data Science is a work from home job? Ans:  No ,its not a Work from Home Job. \n How many job vacancies are opening for the Data Science position? \n Ans: There are immediate 2 job openings for Data Science in our Organisation. \n"
      },
      {
        "job_role": "Video intern",
        "company": "The Rosary School",
        "salary_text": "Not disclosed",
        "experience_text": "0 Years",
        "a_tag_texts": [
          "Pune"
        ],
        "posted_on": "24 Dec 24",
        "description": "[heading]  Selected intern's day-to-day responsibilities include: \n \n 1. Capture studio-quality photographs and video \n 2. Work both on and off-site \n 3. Manage and oversee all technical aspects of video recording and editing \n 4. Work with our creative teammates \n 5. Regularly collaborate with the marketing team \n 6. Follow the company's brand guidelines \n 7. Present to senior management \n 8. Develop an overall video brand messaging strategy \n [heading] Skill(s) required Skill(s) required Adobe Photoshop Adobe Premiere Pro Photography Video Editing Video Making Earn certifications in these skills Learn Adobe Photoshop Learn Video Editing Learn Adobe Premiere Pro Learn Photography [heading] Who can apply Who can apply Only those candidates can apply who: 1. are available for full time (in-office) internship 2. have relevant skills and interests [heading] Other requirements Other requirements 1. Degree 2. 1 year of experience as a Photographer & video editor or a similar role 3. Creative thinker 4. Good time-management skills 5. Great interpersonal and communication skills 6. Proficient in Final Cut Pro X, Adobe After Effects 7. Knowledge and a good understanding of motion graphics is preferred [heading] Perks Perks Certificate Letter of recommendation Flexible work hours [heading] Number of openings Number of openings 2 [heading] Certificate: Will be provided at the end of the Internship Certificate: Will be provided at the end of the Internship \n \n \n More information about this Video intern Job \n \n Please go through the below FAQs to get all answers related to the given Video intern job \n \n What are the job requirements to apply for this Video intern job position? \n Ans: A candidate must have a minimum of fresher as an Video intern \n What is the qualification for this job? \n Ans: The candidate can be a Graduate from any of the following:  BFA \n What is the hiring Process of this job? \n Ans: The hiring process all depends on the company. Normally for an entry level, hiring the candidate has to go for Aptitude, GD (If they look for communication),Technical test and face to face interviews. \n This Video intern is a work from home job? Ans:  No ,its not a Work from Home Job. \n How many job vacancies are opening for the Video intern position? \n Ans: There are immediate 2 job openings for Video intern in our Organisation. \n"
      },
      {
        "job_role": "Salesperson",
        "company": "Navrik Software Solutions Private Limited",
        "salary_text": "Not disclosed",
        "experience_text": "0 Years",
        "a_tag_texts": [
          "Delhi"
        ],
        "posted_on": "24 Dec 24",
        "description": "[heading] About the internship About the internship Selected intern's day-to-day responsibilities include: \n \n 1. The salesperson will respond to opportunities on the Upwork portal. \n 2. The salesperson will send communication to prospects in companies and educational institutes. \n 3. Will travel to companies in NCR to open up conversations. \n 4. Will prepare pre-sales presentations and give demos. Earn certifications in these skills Learn Business Communication Learn Digital Marketing Learn Business Analytics [heading] Who can apply Who can apply Only those candidates can apply who: 1. are available for full time (in-office) internship 2. have relevant skills and interests * Women wanting to start/restart their career can also apply. [heading] Other requirements Other requirements Should have excellent oral and written communication skills. Good ppt skills. Ability to understand technology. [heading] Perks Perks Certificate Letter of recommendation Additional information Stipend structure: This is a performance-based internship. In addition to the minimum-assured stipend, you will also be paid a performance-linked incentive (\u20b9 8000 per sale). [heading] Number of openings Number of openings 1 [heading] Certificate: Will be provided at the end of the Internship Certificate: Will be provided at the end of the Internship \n \n \n More information about this Salesperson Job \n \n Please go through the below FAQs to get all answers related to the given Salesperson job \n \n What are the job requirements to apply for this Salesperson job position? \n Ans: A candidate must have a minimum of fresher as an Salesperson \n What is the qualification for this job? \n Ans: The candidate can be a Graduate from any of the following:  BBA/BBM \n What is the hiring Process of this job? \n Ans: The hiring process all depends on the company. Normally for an entry level, hiring the candidate has to go for Aptitude, GD (If they look for communication),Technical test and face to face interviews. \n This Salesperson is a work from home job? Ans:  No ,its not a Work from Home Job. \n How many job vacancies are opening for the Salesperson position? \n Ans: There are immediate 1 job openings for Salesperson in our Organisation. \n"
      },
      {
        "job_role": "Marketing",
        "company": "Atiiras",
        "salary_text": "Not disclosed",
        "experience_text": "0 Years",
        "a_tag_texts": [
          "Delhi"
        ],
        "posted_on": "24 Dec 24",
        "description": "[heading] Selected intern's day-to-day responsibilities include: Selected intern's day-to-day responsibilities include: \n \n 1. Work on social media marketing \n 2. Work on digital marketing \n 3. Work on email management [heading] Skill(s) required Skill(s) required Digital Marketing Email Marketing English Proficiency (Written) MS-Office Social Media Marketing [heading] Who can apply Who can apply Only those candidates can apply who: 1. are available for full time (in-office) internship 2.\u00a0 have relevant skills and interests * Women wanting to start/restart their career can also apply. [heading] Perks Perks Certificate Letter of recommendation Flexible work hours Informal dress code 5 days a week Free snacks & beverages [heading] Number of openings Number of openings 10 [heading]  \n More information about this Marketing Job \n \n Please go through the below FAQs to get all answers related to the given Marketing job \n \n What are the job requirements to apply for this Marketing job position? \n Ans: A candidate must have a minimum of fresher as an Marketing \n What is the qualification for this job? \n Ans: The candidate can be a Graduate from any of the following:  BBA/BBM \n What is the hiring Process of this job? \n Ans: The hiring process all depends on the company. Normally for an entry level, hiring the candidate has to go for Aptitude, GD (If they look for communication),Technical test and face to face interviews. \n This Marketing is a work from home job? Ans:  No ,its not a Work from Home Job. \n How many job vacancies are opening for the Marketing position? \n Ans: There are immediate 10 job openings for Marketing in our Organisation. \n"
      },
      {
        "job_role": "Social Media Marketing",
        "company": "SRIRAMs IAS",
        "salary_text": "Not disclosed",
        "experience_text": "0 Years",
        "a_tag_texts": [
          "Delhi"
        ],
        "posted_on": "24 Dec 24",
        "description": "[heading] Selected intern's day-to-day responsibilities include: Selected intern's day-to-day responsibilities include: \n \n 1. Assist in youtube channel growth \n 2. Help in telegram channel growth \n 3. Work on Instagram channel growth [heading] Skill(s) required Skill(s) required Digital Marketing Email Marketing Instagram Marketing Search Engine Optimization (SEO) Social Media Marketing [heading] Who can apply Who can apply Only those candidates can apply who: 1. are available for full time (in-office) internship 2. have relevant skills and interests * Women wanting to start/restart their career can also apply. [heading] Number of openings Number of openings 1 [heading]  \n More information about this Social Media Marketing Job \n \n Please go through the below FAQs to get all answers related to the given Social Media Marketing job \n \n What are the job requirements to apply for this Social Media Marketing job position? \n Ans: A candidate must have a minimum of fresher as an Social Media Marketing \n What is the qualification for this job? \n Ans: The candidate can be a Graduate from any of the following:  BA, BBA/BBM, BCA, BSc \n What is the hiring Process of this job? \n Ans: The hiring process all depends on the company. Normally for an entry level, hiring the candidate has to go for Aptitude, GD (If they look for communication),Technical test and face to face interviews. \n This Social Media Marketing is a work from home job? Ans:  No ,its not a Work from Home Job. \n How many job vacancies are opening for the Social Media Marketing position? \n Ans: There are immediate 1 job openings for Social Media Marketing in our Organisation. \n"
      },
      {
        "job_role": "Business Development Sales",
        "company": "Third Eye Blind Productions",
        "salary_text": "Not disclosed",
        "experience_text": "0 Years",
        "a_tag_texts": [
          "Mumbai"
        ],
        "posted_on": "24 Dec 24",
        "description": "[heading] Selected intern's day-to-day responsibilities include: Selected intern's day-to-day responsibilities include: \n \n 1. Establishing rapport with the potential clients and setting up meetings \n 2. New marketing strategies are planned and overseen \n 3. To uncover fresh chances, research organizations and individuals \n 4. Improving the value of existing relationships while also recruiting new ones \n 5. Finding and growing new markets, as well as increasing sales, are all other tasks that need to be accomplished \n 6. Attending industry events, conferences, and meetings \n 7. Setting and achieving goals for the development team and the company \n 8. Developing business proposals and contracts in order to increase customer revenue \n 9. Ability to identify pain points and recommend appropriate revenue generation excellence \n \n Requirements: \n \n 1. Bachelor's degree in Marketing, Business Administration \n 2. Excellent communication skills and negotiation power \n 3. Basic industry knowledge, with the ability to become a subject matter expert of the job \n 4. Microsoft Office application proficiency, including Outlook, Word, Excel, PowerPoint, and industry specific analysis software [heading] Skill(s) required Skill(s) required Digital Marketing Negotiation & Problem-solving Sales Sales pitch [heading] Who can apply Who can apply Only those candidates can apply who: 1. are available for full time (in-office) internship 2.\u00a0 \u00a0have relevant skills and interests [heading] Perks Perks Certificate Letter of recommendation Informal dress code Job offer [heading] Number of openings Number of openings 2 [heading]  \n More information about this Business Development Sales Job \n \n Please go through the below FAQs to get all answers related to the given Business Development Sales job \n \n What are the job requirements to apply for this Business Development Sales job position? \n Ans: A candidate must have a minimum of fresher as an Business Development Sales \n What is the qualification for this job? \n Ans: The candidate can be a Graduate from any of the following:  B.Com, BA, BBA/BBM, BBS \n What is the hiring Process of this job? \n Ans: The hiring process all depends on the company. Normally for an entry level, hiring the candidate has to go for Aptitude, GD (If they look for communication),Technical test and face to face interviews. \n This Business Development Sales is a work from home job? Ans:  No ,its not a Work from Home Job. \n How many job vacancies are opening for the Business Development Sales position? \n Ans: There are immediate 2 job openings for Business Development Sales in our Organisation. \n"
      },
      {
        "job_role": "Human Resources HR",
        "company": "WEMATTER PXT Limited",
        "salary_text": "Not disclosed",
        "experience_text": "0 Years",
        "a_tag_texts": [
          "Mumbai"
        ],
        "posted_on": "24 Dec 24",
        "description": "[heading] Selected intern's day-to-day responsibilities include: Selected intern's day-to-day responsibilities include: \n \n 1. Supervise pre-survey and delivery team \n 2. Post survey demonstrating and training client team on our application \n 3. Identify and present survey insights and action plans to our clients \n 4. Work on quarterly follow-up and guide the existing clients on the progress of action plans from survey results \n 5. Work on up and cross-selling our product and service to our clients \n 6. Develop training programs for managers, leaders, HR, and employees \n 7. Develop programs and training implants \n 8. Design survey questions and modules \n 9. Work on data analytics and creating white papers \n 10. Assist in ad-hoc projects \n 11. Work on any other work in the area of your skill or in an adjacent area \n [heading] Skill(s) required Skill(s) required Effective Communication MS-Excel MS-PowerPoint [heading] Who can apply Who can apply Only those candidates can apply who: 1. are available for full time (in-office) internship 2.\u00a0 have relevant skills and interests [heading] Perks Perks Certificate Letter of recommendation Informal dress code [heading] Number of openings Number of openings 2 [heading]  \n More information about this Human Resources HR Job \n \n Please go through the below FAQs to get all answers related to the given Human Resources HR job \n \n What are the job requirements to apply for this Human Resources HR job position? \n Ans: A candidate must have a minimum of fresher as an Human Resources HR \n What is the qualification for this job? \n Ans: The candidate can be a Graduate from any of the following:  MBA/PGDM \n What is the hiring Process of this job? \n Ans: The hiring process all depends on the company. Normally for an entry level, hiring the candidate has to go for Aptitude, GD (If they look for communication),Technical test and face to face interviews. \n This Human Resources HR is a work from home job? Ans:  No ,its not a Work from Home Job. \n How many job vacancies are opening for the Human Resources HR position? \n Ans: There are immediate 2 job openings for Human Resources HR in our Organisation. \n"
      }
    ]
  }
]