[{"company_name": "Internship Studio", "job_title": "Support Intern", "job_link": "https://www.shine.com/job-search/support-intern/internship-studio/16332748", "job_location": ["Other Maharashtra", "Pune"], "posted_on": "2024-12-22T02:10:53", "required_experiance": "0 to 4 Yrs", "required_skills": "Excellent communication skills, Customercentric approach, Verbal , written communication skills, Ability to convey technical information clearly, Customerfocused mindset, Multitasking, Prioritization, Proficiency in using computer applications", "job_area": ["General / Other Software"], "min_salary": "50000", "max_salary": "50000", "job_description": "Role Description\n\nThis is a full-time on-site role for a\n\nSupportIntern at InternshipStudio located in Pune. We are seeking a motivated Support Intern to join our team and assist in providing outstanding customer support. The ideal candidate will have excellent communication skills, a strong customer-centric approach, and a willingness to learn and grow in a fast-paced environment.\n\nKey Responsibilities:\n Handle incoming customer calls and emails professionally and courteously.\n Provide timely and effective support to customers by troubleshooting issues and resolving inquiries promptly.\n Create and manage support tickets using our internal ticketing system, ensuring accurate documentation of customer interactions and resolutions.\n\nCollaborate with other team members to escalate complex issues and ensure timely resolution.\n Communicate effectively with customers to provide status updates, gather additional information, and ensure a positive support experience.\n\nQualifications:\n Currently pursuing or recently completed a degree in any field or equivalent practical experience.\n Excellent verbal and written communication skills, with the ability to convey technical information clearly and concisely.\n Customer-focused mindset with a passion for delivering exceptional service.\n Ability to multitask and prioritize tasks effectively in a fast-paced environment.\n Proficiency in using computer applications and familiarity with customer support software is a plus.\n Willingness to learn and adapt to new technologies and processes.\n\nExperience - Freshers\n\nLocation - Baner (Work From Office)\n\nStipend - 3000 to 5000 per month\n\nNotice Period- Immediate Joiner,"}, {"company_name": "Coderwing Hiring For MERN Stack Intern (Fresher)", "job_title": "MERN Stack Intern (Fresher)", "job_link": "https://www.shine.com/job-search/mern-stack-intern-fresher/coderwing/16288926", "job_location": ["Indore"], "posted_on": "2024-12-17T12:58:03", "required_experiance": "0 Yrs", "required_skills": "node.js, react.js, express.js, mongodb,", "job_area": ["General / Other Software", "IT Operations / EDP / MIS"], "min_salary": "100000", "max_salary": "150000", "job_description": "[heading] Job description Job description [bold] Company: Company: CoderWing \n [bold] Location: Location: Indore, Madhya Pradesh \n [bold] Start Date: Start Date: Immediate At [bold] CoderWing CoderWing , we're a growing tech company with a focus on innovative software solutions. We are looking for a passionate and dedicated [bold] MERN Stack Intern MERN Stack Intern to join our dynamic team. If you're eager to learn, grow, and get hands-on experience with cutting-edge technologies, this is the perfect opportunity for you! [bold] What You'll Do: What You'll Do: Assist in the development of web applications using the MERN stack (MongoDB, Express.js, React, Node.js). Collaborate with senior developers to implement new features and functionality. Write clean, scalable, and efficient code. Debug and troubleshoot application issues. Participate in code reviews and learn best practices. Contribute to the improvement of our web applications. [bold] What We're Looking For: What We're Looking For: Basic understanding of web development concepts. Familiarity with the MERN stack (MongoDB, Express.js, React.js, Node.js). Knowledge of JavaScript, HTML, and CSS. Passion for coding and eagerness to learn. Good problem-solving skills. Strong communication skills and the ability to work collaboratively in a team. [bold] Preferred Qualifications: Preferred Qualifications: Previous experience or personal projects using the MERN stack. Understanding of version control systems (Git). Knowledge of RESTful APIs and backend development. [bold] Why CoderWing Why CoderWing Gain hands-on experience with the MERN stack and modern web technologies. Work in a collaborative and growth-oriented environment. Mentorship from experienced developers. Flexible working hours and a supportive work culture. [bold] How to Apply: How to Apply: Send your resume to [bold] inquiry.coderwing@gmail.com inquiry.coderwing@gmail.com or drop your CV at [bold] 9926640515 9926640515 via WhatsApp. Job Type: Internship Contract length: 3 months Schedule: Day shif Work Location: In person"}, {"company_name": "Beep - Internship & Job Alerts", "job_title": "Event Management Specialist in Mumbai, Pune", "job_link": "https://www.shine.com/job-search/event-management-specialist-in-mumbai-pune/beep-internship-job-alerts/16303226", "job_location": ["Other Maharashtra", "Pune"], "posted_on": "2024-12-19T06:46:25", "required_experiance": "2 to 6 Yrs", "required_skills": "Budget Management, Event Management, Vendor Management, Relationship Management, Marketing, Collateral Management, Reporting,Profit , Loss Analysis", "job_area": ["General / Other Software"], "min_salary": "", "max_salary": "", "job_description": "Key Responsibilities\n Coordinate and work on budget management for the event\n Manage the event execution team\n Manage key relationships with third-party vendors and contractors from Pune, Maharashtra\n Coordinate event communications including branding, online and offline marketing\n Handle event collaterals, event evaluation and reporting, and profit and loss analysis\n\nAbout Company: Our sole aim at MentorBoxx is to bridge the gap between universities & industries. We select 30 students every month to regularly interact with the right industry experts, work on live industry projects, and grasp as much industry knowledge as possible.,"}, {"company_name": "Applying internship", "job_title": "Multidisciplinary designer", "job_link": "https://www.shine.com/job-search/multidisciplinary-designer/applying-internship/16314501", "job_location": ["Chandigarh"], "posted_on": "2024-12-20T05:29:02", "required_experiance": "0 to 4 Yrs", "required_skills": "Adobe Creative Cloud, Communication Skills,Design Elements, Design Principles, Design Techniques, Collaboration Skills, User Experience UX Design", "job_area": ["General / Other Software"], "min_salary": "", "max_salary": "", "job_description": "Company Description\n\nwe suggest you enter details here\n\nRole Description\n\nThis is a full-time hybrid role for a Multidisciplinary Designer at Applying Internship in Chandigarh, with flexibility for remote work. The Multidisciplinary Designer will be responsible for collaborating with cross-functional teams to create innovative design solutions, develop visual concepts, and produce high-quality design work across various mediums.\n\nQualifications\n Proficiency in design software such as Adobe Creative cloud\n Strong understanding of design elements, Principles and techniques.\n Excellent communication and collaboration skills\n Ability to work on multiple projects simultaneously\n Experience in user experience (UX) design is a plus\n Bachelor's degree in Design Field.,"}]