[
  {
    "1": [
      {
        "company_name": "Internship Studio",
        "job_title": "Support Intern",
        "job_link": "https://www.shine.com/job-search/support-intern/internship-studio/16332748",
        "job_location": [
          "Other Maharashtra",
          "Pune"
        ],
        "posted_on": "2024-12-22T02:10:53",
        "required_experiance": "0 to 4 Yrs",
        "required_skills": "Excellent communication skills, Customercentric approach, Verbal , written communication skills, Ability to convey technical information clearly, Customerfocused mindset, Multitasking, Prioritization, Proficiency in using computer applications",
        "job_area": [
          "General / Other Software"
        ],
        "min_salary": "1",
        "max_salary": "50000"
      },
      {
        "company_name": "Coderwing Hiring For MERN Stack Intern (Fresher)",
        "job_title": "MERN Stack Intern (Fresher)",
        "job_link": "https://www.shine.com/job-search/mern-stack-intern-fresher/coderwing/16288926",
        "job_location": [
          "Indore"
        ],
        "posted_on": "2024-12-17T12:58:03",
        "required_experiance": "0 Yrs",
        "required_skills": "node.js, react.js, express.js, mongodb,",
        "job_area": [
          "General / Other Software",
          "IT Operations / EDP / MIS"
        ],
        "min_salary": "100000",
        "max_salary": "150000"
      },
      {
        "company_name": "Beep - Internship & Job Alerts",
        "job_title": "Event Management Specialist in Mumbai, Pune",
        "job_link": "https://www.shine.com/job-search/event-management-specialist-in-mumbai-pune/beep-internship-job-alerts/16303226",
        "job_location": [
          "Other Maharashtra",
          "Pune"
        ],
        "posted_on": "2024-12-19T06:46:25",
        "required_experiance": "2 to 6 Yrs",
        "required_skills": "Budget Management, Event Management, Vendor Management, Relationship Management, Marketing, Collateral Management, Reporting,Profit , Loss Analysis",
        "job_area": [
          "General / Other Software"
        ],
        "min_salary": "",
        "max_salary": ""
      },
      {
        "company_name": "Applying internship",
        "job_title": "Multidisciplinary designer",
        "job_link": "https://www.shine.com/job-search/multidisciplinary-designer/applying-internship/16314501",
        "job_location": [
          "Chandigarh"
        ],
        "posted_on": "2024-12-20T05:29:02",
        "required_experiance": "0 to 4 Yrs",
        "required_skills": "Adobe Creative Cloud, Communication Skills,Design Elements, Design Principles, Design Techniques, Collaboration Skills, User Experience UX Design",
        "job_area": [
          "General / Other Software"
        ],
        "min_salary": "",
        "max_salary": ""
      },
      {
        "company_name": "Nurturing Interns Private Limited",
        "job_title": "Relationship Manager",
        "job_link": "https://www.shine.com/job-search/relationship-manager/nurturing-interns-private-limited/16359219",
        "job_location": [
          "Other Madhya Pradesh",
          "Ratlam"
        ],
        "posted_on": "2024-12-23T12:34:37",
        "required_experiance": "2 to 6 Yrs",
        "required_skills": "Client Relationship Management, Business Development, Product Promotion, Customer Service, Market Analysis, Documentation, Compliance, Reporting,Sales Targets, CrossSelling",
        "job_area": [
          "General / Other Software"
        ],
        "min_salary": "",
        "max_salary": ""
      },
      {
        "company_name": "Beep - Internship & Job Alerts",
        "job_title": "UI/UX Design Internship in Mumbai, Bangalore, Pune",
        "job_link": "https://www.shine.com/job-search/ui-ux-design-internship-in-mumbai-bangalore-pune/beep-internship-job-alerts/16316192",
        "job_location": [
          "Other Maharashtra",
          "Pune"
        ],
        "posted_on": "2024-12-20T07:21:02",
        "required_experiance": "0 to 4 Yrs",
        "required_skills": "User research, Wireframes, Usability testing,UI designs, Prototypes, Figma, Interactive prototypes, Analyzing user feedback, UIUX design, Design trends",
        "job_area": [
          "General / Other Software"
        ],
        "min_salary": "",
        "max_salary": ""
      },
      {
        "company_name": "Coderwing Hiring For SEO Intern",
        "job_title": "SEO Intern",
        "job_link": "https://www.shine.com/job-search/seo-intern/coderwing/16034549",
        "job_location": [
          "Indore"
        ],
        "posted_on": "2024-11-25T13:09:30",
        "required_experiance": "0 to 1 Yr",
        "required_skills": "off-page optimization, keyword research, seo, on page optimization,technical seo, organic traffic",
        "job_area": [
          "General / Other Software"
        ],
        "min_salary": "50000",
        "max_salary": "100000"
      },
      {
        "company_name": "Human resources and marketing internship",
        "job_title": "Human resources and marketing internship",
        "job_link": "https://www.shine.com/job-search/human-resources-and-marketing-internship/human-resources-and-marketing-internship/16271306",
        "job_location": [
          "All India"
        ],
        "posted_on": "2024-12-14T05:25:59",
        "required_experiance": "0 to 4 Yrs",
        "required_skills": "HR,Sales  Marketing",
        "job_area": [
          "General / Other Software"
        ],
        "min_salary": "",
        "max_salary": ""
      },
      {
        "company_name": "Coderwing Hiring For Frontend Development Intern",
        "job_title": "Frontend Development Intern",
        "job_link": "https://www.shine.com/job-search/frontend-development-intern/coderwing/16135825",
        "job_location": [
          "Indore"
        ],
        "posted_on": "2024-11-12T18:07:45",
        "required_experiance": "0 Yrs",
        "required_skills": "javascript, react.js,react.js development intern, react.js internship, react developer intern, javascript/react intern, intern, frontend development intern",
        "job_area": [
          "General / Other Software"
        ],
        "min_salary": "50000",
        "max_salary": "100000"
      },
      {
        "company_name": "Beep - Internship & Job Alerts",
        "job_title": "Graphic Designer in Pune",
        "job_link": "https://www.shine.com/job-search/graphic-designer-in-pune/beep-internship-job-alerts/16226449",
        "job_location": [
          "Other Maharashtra",
          "Pune"
        ],
        "posted_on": "2024-12-05T23:22:28",
        "required_experiance": "2 to 6 Yrs",
        "required_skills": "Digital media, Graphics, Web design, Social media, Analytical skills,Brand assets, Creative tasks, Marketing activities, Email campaigns",
        "job_area": [
          "General / Other Software"
        ],
        "min_salary": "",
        "max_salary": ""
      },
      {
        "company_name": "Beep - Internship & Job Alerts",
        "job_title": "Data Entry Internship in Pune",
        "job_link": "https://www.shine.com/job-search/data-entry-internship-in-pune/beep-internship-job-alerts/16273484",
        "job_location": [
          "Other Maharashtra",
          "Pune"
        ],
        "posted_on": "2024-12-14T07:05:15",
        "required_experiance": "0 to 4 Yrs",
        "required_skills": "Database Management, Data Entry, Data Processing,Attention to Detail",
        "job_area": [
          "General / Other Software"
        ],
        "min_salary": "",
        "max_salary": ""
      },
      {
        "company_name": "Nurturing Interns Private Limited",
        "job_title": "TMS Manager (POS Operations)",
        "job_link": "https://www.shine.com/job-search/tms-manager-pos-operations/nurturing-interns-private-limited/16240435",
        "job_location": [
          "Chennai",
          "Other Tamil Nadu"
        ],
        "posted_on": "2024-12-09T00:03:52",
        "required_experiance": "8 to 12 Yrs",
        "required_skills": "SIM,POS business process  terminal functionality knowledge, POS terminal configuration APN,  IPport,  key injection, UATProduction testing coordination, Troubleshooting  problemsolving for POS terminals, Team  stakeholder management, TMS Terminal Management System expertise, Compliance  audit adherence, Technical expertise in POS terminal functionalities , software",
        "job_area": [
          "General / Other Software"
        ],
        "min_salary": "",
        "max_salary": ""
      },
      {
        "company_name": "Beep - Internship & Job Alerts",
        "job_title": "Customer Service/Customer Support Internship in Pune",
        "job_link": "https://www.shine.com/job-search/customer-service-customer-support-internship-in-pune/beep-internship-job-alerts/16254819",
        "job_location": [
          "Other Maharashtra",
          "Pune"
        ],
        "posted_on": "2024-12-13T00:21:31",
        "required_experiance": "0 to 4 Yrs",
        "required_skills": "Data Management, Customer interaction, Analytical skills,Customer Onboarding, Feedback Collection, CRM database management, Educational content creation",
        "job_area": [
          "General / Other Software"
        ],
        "min_salary": "",
        "max_salary": ""
      },
      {
        "company_name": "Beep - Internship & Job Alerts",
        "job_title": "Business Development Associate in Pune, Surat, Bhopal, Lucknow",
        "job_link": "https://www.shine.com/job-search/business-development-associate-in-pune-surat-bhopal-lucknow/beep-internship-job-alerts/16255085",
        "job_location": [
          "Other Maharashtra",
          "Pune"
        ],
        "posted_on": "2024-12-13T00:33:55",
        "required_experiance": "2 to 6 Yrs",
        "required_skills": "Direct sales, Negotiation, Client management,Building relationships, Ecommerce services",
        "job_area": [
          "General / Other Software"
        ],
        "min_salary": "",
        "max_salary": ""
      },
      {
        "company_name": "Beep - Internship & Job Alerts",
        "job_title": "Voice Process Associate in Delhi",
        "job_link": "https://www.shine.com/job-search/voice-process-associate-in-delhi/beep-internship-job-alerts/16277366",
        "job_location": [
          "Delhi"
        ],
        "posted_on": "2024-12-14T23:25:28",
        "required_experiance": "1 to 5 Yrs",
        "required_skills": "Lead generation, Sales, Voice process,Performance goals",
        "job_area": [
          "General / Other Software"
        ],
        "min_salary": "",
        "max_salary": ""
      },
      {
        "company_name": "Beep - Internship & Job Alerts",
        "job_title": "Junior Teacher in Gujarat",
        "job_link": "https://www.shine.com/job-search/junior-teacher-in-gujarat/beep-internship-job-alerts/16279108",
        "job_location": [
          "All India"
        ],
        "posted_on": "2024-12-15T00:43:19",
        "required_experiance": "2 to 6 Yrs",
        "required_skills": "Curriculum implementation, Teacher development, Student assessment, Parental involvement, Classroom environment, Administrative responsibilities",
        "job_area": [
          "General / Other Software"
        ],
        "min_salary": "",
        "max_salary": ""
      },
      {
        "company_name": "Beep - Internship & Job Alerts",
        "job_title": "Senior Teacher in Gujarat",
        "job_link": "https://www.shine.com/job-search/senior-teacher-in-gujarat/beep-internship-job-alerts/16290435",
        "job_location": [
          "All India"
        ],
        "posted_on": "2024-12-17T22:57:12",
        "required_experiance": "3 to 7 Yrs",
        "required_skills": "Curriculum management, Teacher support, Student assessment, Parental engagement, Administrative duties",
        "job_area": [
          "General / Other Software"
        ],
        "min_salary": "",
        "max_salary": ""
      },
      {
        "company_name": "Coderwing Hiring For Recruitment and Engagement Intern",
        "job_title": "Recruitment and Engagement Intern",
        "job_link": "https://www.shine.com/job-search/recruitment-and-engagement-intern/coderwing/16130818",
        "job_location": [
          "Indore"
        ],
        "posted_on": "2024-11-12T08:06:11",
        "required_experiance": "0 Yrs",
        "required_skills": "talent acquisition, hr generalist activities,recruitment process, candidate sourcing",
        "job_area": [
          "General / Other Software"
        ],
        "min_salary": "100000",
        "max_salary": "300000"
      },
      {
        "company_name": "Beep - Internship & Job Alerts",
        "job_title": "Business Development Associate in Lucknow, Pune, Surat, Bhopal",
        "job_link": "https://www.shine.com/job-search/business-development-associate-in-lucknow-pune-surat-bhopal/beep-internship-job-alerts/16174366",
        "job_location": [
          "Other Maharashtra",
          "Pune"
        ],
        "posted_on": "2024-11-21T01:59:13",
        "required_experiance": "2 to 6 Yrs",
        "required_skills": "Direct sales, Negotiation, Client management,Building relationships, Ecommerce services",
        "job_area": [
          "General / Other Software"
        ],
        "min_salary": "",
        "max_salary": ""
      },
      {
        "company_name": "SKill Intern Pvt Ltd",
        "job_title": "Business Development (Sales) Internship in Bangalore",
        "job_link": "https://www.shine.com/job-search/business-development-sales-internship-in-bangalore/skill-intern-pvt-ltd/16087049",
        "job_location": [
          "Other Karnataka"
        ],
        "posted_on": "2024-11-04T05:41:23",
        "required_experiance": "0 to 4 Yrs",
        "required_skills": "Market Research, Digital Marketing, Sales, Data Analysis, Client Communication, Stakeholder Management,",
        "job_area": [
          "General / Other Software"
        ],
        "min_salary": "",
        "max_salary": ""
      }
    ]
  },
  {
    "2": [
      {
        "company_name": "Beep - Internship & Job Alerts",
        "job_title": "Data Annotation Internship in Pune",
        "job_link": "https://www.shine.com/job-search/data-annotation-internship-in-pune/beep-internship-job-alerts/16147225",
        "job_location": [
          "Other Maharashtra",
          "Pune"
        ],
        "posted_on": "2024-11-15T02:23:08",
        "required_experiance": "0 to 4 Yrs",
        "required_skills": "Computer Vision, Machine Learning, Tracking, Tagging, Collaboration, Content Writing,Data Annotation, Labeling, Generating Prompts, AIML, Annotating Data, 2D3D Bounding Boxes, Image Labeling, Video Labeling, Fastpaced Environment",
        "job_area": [
          "General / Other Software"
        ],
        "min_salary": "",
        "max_salary": ""
      },
      {
        "company_name": "Beep - Internship & Job Alerts",
        "job_title": "Mobile App Development Internship in Pune, Mumbai",
        "job_link": "https://www.shine.com/job-search/mobile-app-development-internship-in-pune-mumbai/beep-internship-job-alerts/16130219",
        "job_location": [
          "Other Maharashtra",
          "Pune"
        ],
        "posted_on": "2024-11-10T04:15:53",
        "required_experiance": "0 to 4 Yrs",
        "required_skills": "Android, Firebase,Flutter, React Native",
        "job_area": [
          "General / Other Software"
        ],
        "min_salary": "",
        "max_salary": ""
      },
      {
        "company_name": "Beep - Internship & Job Alerts",
        "job_title": "Finance Executive in Pune",
        "job_link": "https://www.shine.com/job-search/finance-executive-in-pune/beep-internship-job-alerts/16162633",
        "job_location": [
          "Other Maharashtra",
          "Pune"
        ],
        "posted_on": "2024-11-18T01:16:39",
        "required_experiance": "2 to 6 Yrs",
        "required_skills": "Finance, Auditing, GST, Financial planning, Budgeting, Billing, Investor relations, Team management,Accounts balance sheets, Compliances, Certifications, Tax filing, Bank reconciliations, Legal mediation",
        "job_area": [
          "General / Other Software"
        ],
        "min_salary": "",
        "max_salary": ""
      },
      {
        "company_name": "Ex-Intern@Hawlett Packard Enterprise",
        "job_title": "Web Developer",
        "job_link": "https://www.shine.com/job-search/web-developer/ex-internhawlett-packard-enterprise/16106925",
        "job_location": [
          "Other Madhya Pradesh",
          "Khargone"
        ],
        "posted_on": "2024-11-05T23:29:01",
        "required_experiance": "2 to 6 Yrs",
        "required_skills": "HTML, CSS, JavaScript, graphic design, Adobe Photoshop, web analytics,responsive design, SEO principles, Sketch, problemsolving",
        "job_area": [
          "General / Other Software"
        ],
        "min_salary": "",
        "max_salary": ""
      },
      {
        "company_name": "Beep - Internship & Job Alerts",
        "job_title": "Human Resources (HR) Internship in Bangalore, Hyderabad, Mumbai, Chennai, Delhi, Pune",
        "job_link": "https://www.shine.com/job-search/human-resources-hr-internship-in-bangalore-hyderabad-mumbai-chennai-delhi-pune/beep-internship-job-alerts/16085332",
        "job_location": [
          "Other Karnataka"
        ],
        "posted_on": "2024-11-04T01:07:23",
        "required_experiance": "0 to 4 Yrs",
        "required_skills": "Database Management, Screening Resumes, Interview Scheduling,  Posting, HR Reporting, Employee Benefits,",
        "job_area": [
          "General / Other Software"
        ],
        "min_salary": "",
        "max_salary": ""
      },
      {
        "company_name": "Beep - Internship & Job Alerts",
        "job_title": "Telecaller in Chandapura, Bammanahalli, Attibele, Hosuru",
        "job_link": "https://www.shine.com/job-search/telecaller-in-chandapura-bammanahalli-attibele-hosuru/beep-internship-job-alerts/16094509",
        "job_location": [
          "Other Karnataka"
        ],
        "posted_on": "2024-11-05T01:21:20",
        "required_experiance": "0 to 4 Yrs",
        "required_skills": "verbal communication, interpersonal skills, sales, negotiation skills,",
        "job_area": [
          "General / Other Software"
        ],
        "min_salary": "",
        "max_salary": ""
      },
      {
        "company_name": "Nurturing Interns Private Limited",
        "job_title": "Sales Assistant",
        "job_link": "https://www.shine.com/job-search/sales-assistant/nurturing-interns-private-limited/16095631",
        "job_location": [
          "Jaipur",
          "Other Rajasthan"
        ],
        "posted_on": "2024-11-05T02:16:41",
        "required_experiance": "1 to 5 Yrs",
        "required_skills": "Problem Solving, Relationship Management, Revenue Generation, Strategic Planning, Business Forecasting, Market Analysis,Metrics Development, Proposal Drafting, Crossfunctional Collaboration",
        "job_area": [
          "General / Other Software"
        ],
        "min_salary": "",
        "max_salary": ""
      },
      {
        "company_name": "Nurturing Interns Private Limited",
        "job_title": "Sales Associate",
        "job_link": "https://www.shine.com/job-search/sales-associate/nurturing-interns-private-limited/16097905",
        "job_location": [
          "Other Haryana"
        ],
        "posted_on": "2024-11-05T03:53:29",
        "required_experiance": "1 to 5 Yrs",
        "required_skills": "Sales Strategy, Negotiation Skills, Interpersonal Communication, Written Communication, Verbal Communication, Networking, Relationship Building,Counseling, Sales Pitch, Attention to Detail, High Work Ownership, Student Centric Mindset, Optimism, Resilience",
        "job_area": [
          "General / Other Software"
        ],
        "min_salary": "",
        "max_salary": ""
      },
      {
        "company_name": "Beep - Internship & Job Alerts",
        "job_title": "Human Resources (HR) Internship in Mumbai, Chennai, Delhi, Pune, Bangalore, Hyderabad",
        "job_link": "https://www.shine.com/job-search/human-resources-hr-internship-in-mumbai-chennai-delhi-pune-bangalore-hyderabad/beep-internship-job-alerts/16049569",
        "job_location": [
          "Other Karnataka"
        ],
        "posted_on": "2024-10-30T23:58:38",
        "required_experiance": "0 to 4 Yrs",
        "required_skills": "Database Management, Screening Resumes, Interview Scheduling,  Posting, HR Reporting, Employee Benefits,",
        "job_area": [
          "General / Other Software"
        ],
        "min_salary": "",
        "max_salary": ""
      },
      {
        "company_name": "Beep - Internship & Job Alerts",
        "job_title": "Telecaller in Attibele, Hosuru, Chandapura, Bammanahalli",
        "job_link": "https://www.shine.com/job-search/telecaller-in-attibele-hosuru-chandapura-bammanahalli/beep-internship-job-alerts/16058197",
        "job_location": [
          "Other Karnataka"
        ],
        "posted_on": "2024-11-01T02:40:52",
        "required_experiance": "0 to 4 Yrs",
        "required_skills": "verbal communication, interpersonal skills, sales, negotiation skills,",
        "job_area": [
          "General / Other Software"
        ],
        "min_salary": "",
        "max_salary": ""
      },
      {
        "company_name": "Coderwing Hiring For Human Resources Trainee",
        "job_title": "Human Resources Trainee",
        "job_link": "https://www.shine.com/job-search/human-resources-trainee/coderwing/16034555",
        "job_location": [
          "Indore"
        ],
        "posted_on": "2024-10-29T14:31:04",
        "required_experiance": "0 Yrs",
        "required_skills": "onboarding, human resources, talent acquisition, employee relations, recruitment,",
        "job_area": [
          "General / Other Software"
        ],
        "min_salary": "1",
        "max_salary": "100000"
      },
      {
        "company_name": "SIMPLYFYD SOLUTIONS",
        "job_title": "HR Interns",
        "job_link": "https://www.shine.com/job-search/hr-interns/simplyfyd-solutions/16287751",
        "job_location": [
          "Pune"
        ],
        "posted_on": "2024-12-16T13:48:20",
        "required_experiance": "0 Yrs",
        "required_skills": "hr,human resource, intern",
        "job_area": [
          "HR"
        ],
        "min_salary": "50000",
        "max_salary": "100000"
      },
      {
        "company_name": "ICELAND FROZEN FOODS",
        "job_title": "Engineering Intern",
        "job_link": "https://www.shine.com/job-search/engineering-intern/iceland-frozen-foods/16185886",
        "job_location": [
          "Mumbai City",
          "Bangalore",
          "Chennai",
          "Hyderabad",
          "Kolkata"
        ],
        "posted_on": "2024-11-25T11:36:04",
        "required_experiance": "15 to >25 Yrs",
        "required_skills": "engineering consultancy, engineering project management, engineering projects, engineering, engineering design services, engineering drawing, project engineering, engineering management,intern",
        "job_area": [
          "Oil & Gas Engineering",
          "Engineering Design / Construction"
        ],
        "min_salary": "3000000",
        "max_salary": "4200000"
      },
      {
        "company_name": "Jobs Flash.",
        "job_title": "HR FRESHERS & HR INTERNS ( FEMALES ) REQUIRED",
        "job_link": "https://www.shine.com/job-search/hr-freshers-hr-interns-females-required/jobs-flash/15851639",
        "job_location": [
          "Gurugram"
        ],
        "posted_on": "2024-12-09T12:56:50",
        "required_experiance": "0 to 1 Yr",
        "required_skills": "recruitment, placement, hr,human resource, intern, recruiter",
        "job_area": [
          "HR",
          "Recruitment"
        ],
        "min_salary": "1",
        "max_salary": "150000"
      },
      {
        "company_name": "BAJAJ CAPITAL INSURANCE BROKING LTD",
        "job_title": "Urgent | Senior Sales Intern",
        "job_link": "https://www.shine.com/job-search/urgent-senior-sales-intern/bajaj-capital-insurance-broking-ltd/16304915",
        "job_location": [
          "Bangalore",
          "Hyderabad",
          "Delhi"
        ],
        "posted_on": "2024-12-19T00:00:00",
        "required_experiance": "0 Yrs",
        "required_skills": "cross selling, lead generation, upsell,",
        "job_area": [
          "Others"
        ],
        "min_salary": "50000",
        "max_salary": "200000"
      },
      {
        "company_name": "BAJAJ CAPITAL INSURANCE BROKING LTD",
        "job_title": "Urgent | Senior Marketing Intern",
        "job_link": "https://www.shine.com/job-search/urgent-senior-marketing-intern/bajaj-capital-insurance-broking-ltd/16304924",
        "job_location": [
          "Bangalore",
          "Hyderabad",
          "Delhi"
        ],
        "posted_on": "2024-12-19T00:00:00",
        "required_experiance": "0 Yrs",
        "required_skills": "lead generation, below the line marketing, door to door, marketing,",
        "job_area": [
          "Others"
        ],
        "min_salary": "50000",
        "max_salary": "200000"
      },
      {
        "company_name": "Shine.com",
        "job_title": "Marketing Intern",
        "job_link": "https://www.shine.com/job-search/marketing-intern/shinecom/16293553",
        "job_location": [
          "Gurugram"
        ],
        "posted_on": "2024-12-18T16:19:32",
        "required_experiance": "0 to 1 Yr",
        "required_skills": "online lead generation, event management, lead generation, marketing,",
        "job_area": [
          "Marketing / Communication"
        ],
        "min_salary": "50000",
        "max_salary": "100000"
      },
      {
        "company_name": "HIPAAS INFOTECH PRIVATE LIMITED",
        "job_title": "Devops Intern",
        "job_link": "https://www.shine.com/job-search/devops-intern/hipaas-infotech-private-limited/16228159",
        "job_location": [
          "Thane"
        ],
        "posted_on": "2024-12-06T12:56:07",
        "required_experiance": "0 to 1 Yr",
        "required_skills": "python, jenkins, linux, azure devops, aws, bash, docker,",
        "job_area": [
          "Embedded / System Software"
        ],
        "min_salary": "50000",
        "max_salary": "100000"
      },
      {
        "company_name": "TWEAK AND TURN SOLUTIONS",
        "job_title": "Human resource intern",
        "job_link": "https://www.shine.com/job-search/human-resource-intern/tweak-and-turn-solutions/16241509",
        "job_location": [
          "Delhi"
        ],
        "posted_on": "2024-12-10T12:43:20",
        "required_experiance": "0 to 2 Yrs",
        "required_skills": "communication skills, management, analytical skills,",
        "job_area": [
          "Operations Management / Process Analysis"
        ],
        "min_salary": "50000",
        "max_salary": "350000"
      },
      {
        "company_name": "Seoczar IT Services Private Limited",
        "job_title": "Digital Marketing Intern",
        "job_link": "https://www.shine.com/job-search/digital-marketing-intern/seoczar-it-services-private-limited/16261324",
        "job_location": [
          "Bhubaneswar",
          "Noida"
        ],
        "posted_on": "2024-12-13T19:01:00",
        "required_experiance": "0 Yrs",
        "required_skills": "computer, internship,gratuit, fresher",
        "job_area": [
          "Web / Mobile Technologies"
        ],
        "min_salary": "50000",
        "max_salary": "150000"
      }
    ]
  }
]